id;pesid;data_inversa;dia_semana;horario;uf;br;km;municipio;causa_principal;causa_acidente;ordem_tipo_acidente;tipo_acidente;classificacao_acidente;fase_dia;sentido_via;condicao_metereologica;tipo_pista;tracado_via;uso_solo;id_veiculo;tipo_veiculo;marca;ano_fabricacao_veiculo;tipo_envolvido;estado_fisico;idade;sexo;ilesos;feridos_leves;feridos_graves;mortos;latitude;longitude;regional;delegacia;uop
576200;1280589.0;2024-01-21;domingo;09:00:00;BA;420.0;284;UBAIRA;Não;Velocidade Incompatível;3;Saída de leito carroçável;Com Vítimas Feridas;Pleno dia;Decrescente;Sol;Simples;Curva;Não;1026462.0;Motocicleta;Não Informado/Não Informado;0.0;Condutor;Lesões Graves;43.0;Masculino;0.0;0.0;1.0;0.0;-13.26432895;-39.69374898;SPRF-BA;DEL03-BA;UOP01-DEL03-BA
576200;1280589.0;2024-01-21;domingo;09:00:00;BA;420.0;284;UBAIRA;Não;Ingestão de álcool pelo condutor;3;Saída de leito carroçável;Com Vítimas Feridas;Pleno dia;Decrescente;Sol;Simples;Curva;Não;1026462.0;Motocicleta;Não Informado/Não Informado;0.0;Condutor;Lesões Graves;43.0;Masculino;0.0;0.0;1.0;0.0;-13.26432895;-39.69374898;SPRF-BA;DEL03-BA;UOP01-DEL03-BA
576200;1280589.0;2024-01-21;domingo;09:00:00;BA;420.0;284;UBAIRA;Sim;Ausência de reação do condutor;3;Saída de leito carroçável;Com Vítimas Feridas;Pleno dia;Decrescente;Sol;Simples;Curva;Não;1026462.0;Motocicleta;Não Informado/Não Informado;0.0;Condutor;Lesões Graves;43.0;Masculino;0.0;0.0;1.0;0.0;-13.26432895;-39.69374898;SPRF-BA;DEL03-BA;UOP01-DEL03-BA
576200;1280589.0;2024-01-21;domingo;09:00:00;BA;420.0;284;UBAIRA;Não;Velocidade Incompatível;2;Queda de ocupante de veículo;Com Vítimas Feridas;Pleno dia;Decrescente;Sol;Simples;Curva;Não;1026462.0;Motocicleta;Não Informado/Não Informado;0.0;Condutor;Lesões Graves;43.0;Masculino;0.0;0.0;1.0;0.0;-13.26432895;-39.69374898;SPRF-BA;DEL03-BA;UOP01-DEL03-BA
576200;1280589.0;2024-01-21;domingo;09:00:00;BA;420.0;284;UBAIRA;Não;Ingestão de álcool pelo condutor;2;Queda de ocupante de veículo;Com Vítimas Feridas;Pleno dia;Decrescente;Sol;Simples;Curva;Não;1026462.0;Motocicleta;Não Informado/Não Informado;0.0;Condutor;Lesões Graves;43.0;Masculino;0.0;0.0;1.0;0.0;-13.26432895;-39.69374898;SPRF-BA;DEL03-BA;UOP01-DEL03-BA
576200;1280589.0;2024-01-21;domingo;09:00:00;BA;420.0;284;UBAIRA;Sim;Ausência de reação do condutor;2;Queda de ocupante de veículo;Com Vítimas Feridas;Pleno dia;Decrescente;Sol;Simples;Curva;Não;1026462.0;Motocicleta;Não Informado/Não Informado;0.0;Condutor;Lesões Graves;43.0;Masculino;0.0;0.0;1.0;0.0;-13.26432895;-39.69374898;SPRF-BA;DEL03-BA;UOP01-DEL03-BA
576200;1280589.0;2024-01-21;domingo;09:00:00;BA;420.0;284;UBAIRA;Não;Velocidade Incompatível;1;Tombamento;Com Vítimas Feridas;Pleno dia;Decrescente;Sol;Simples;Curva;Não;1026462.0;Motocicleta;Não Informado/Não Informado;0.0;Condutor;Lesões Graves;43.0;Masculino;0.0;0.0;1.0;0.0;-13.26432895;-39.69374898;SPRF-BA;DEL03-BA;UOP01-DEL03-BA
576200;1280589.0;2024-01-21;domingo;09:00:00;BA;420.0;284;UBAIRA;Não;Ingestão de álcool pelo condutor;1;Tombamento;Com Vítimas Feridas;Pleno dia;Decrescente;Sol;Simples;Curva;Não;1026462.0;Motocicleta;Não Informado/Não Informado;0.0;Condutor;Lesões Graves;43.0;Masculino;0.0;0.0;1.0;0.0;-13.26432895;-39.69374898;SPRF-BA;DEL03-BA;UOP01-DEL03-BA
576200;1280589.0;2024-01-21;domingo;09:00:00;BA;420.0;284;UBAIRA;Sim;Ausência de reação do condutor;1;Tombamento;Com Vítimas Feridas;Pleno dia;Decrescente;Sol;Simples;Curva;Não;1026462.0;Motocicleta;Não Informado/Não Informado;0.0;Condutor;Lesões Graves;43.0;Masculino;0.0;0.0;1.0;0.0;-13.26432895;-39.69374898;SPRF-BA;DEL03-BA;UOP01-DEL03-BA
581243;1294863.0;2024-02-15;quinta-feira;01:00:00;BA;420.0;263;JIQUIRICA;Não;Chuva;1;Colisão com objeto;Com Vítimas Feridas;Plena Noite;Decrescente;Garoa/Chuvisco;Simples;"Reta;Ponte";Não;1036064.0;Caminhonete;GM/MONTANA CONQUEST;2007.0;Passageiro;Lesões Leves;53.0;Feminino;0.0;1.0;0.0;0.0;-13.24982887;-39.54909705;SPRF-BA;DEL01-BA;UOP02-DEL01-BA
581243;1293281.0;2024-02-15;quinta-feira;01:00:00;BA;420.0;263;JIQUIRICA;Não;Chuva;1;Colisão com objeto;Com Vítimas Feridas;Plena Noite;Decrescente;Garoa/Chuvisco;Simples;"Reta;Ponte";Não;1036064.0;Caminhonete;GM/MONTANA CONQUEST;2007.0;Condutor;Lesões Graves;54.0;Masculino;0.0;0.0;1.0;0.0;-13.24982887;-39.54909705;SPRF-BA;DEL01-BA;UOP02-DEL01-BA
581243;1294863.0;2024-02-15;quinta-feira;01:00:00;BA;420.0;263;JIQUIRICA;Não;Mal súbito do condutor;1;Colisão com objeto;Com Vítimas Feridas;Plena Noite;Decrescente;Garoa/Chuvisco;Simples;"Reta;Ponte";Não;1036064.0;Caminhonete;GM/MONTANA CONQUEST;2007.0;Passageiro;Lesões Leves;53.0;Feminino;0.0;1.0;0.0;0.0;-13.24982887;-39.54909705;SPRF-BA;DEL01-BA;UOP02-DEL01-BA
581243;1293281.0;2024-02-15;quinta-feira;01:00:00;BA;420.0;263;JIQUIRICA;Não;Mal súbito do condutor;1;Colisão com objeto;Com Vítimas Feridas;Plena Noite;Decrescente;Garoa/Chuvisco;Simples;"Reta;Ponte";Não;1036064.0;Caminhonete;GM/MONTANA CONQUEST;2007.0;Condutor;Lesões Graves;54.0;Masculino;0.0;0.0;1.0;0.0;-13.24982887;-39.54909705;SPRF-BA;DEL01-BA;UOP02-DEL01-BA
581243;1294863.0;2024-02-15;quinta-feira;01:00:00;BA;420.0;263;JIQUIRICA;Não;Condutor Dormindo;1;Colisão com objeto;Com Vítimas Feridas;Plena Noite;Decrescente;Garoa/Chuvisco;Simples;"Reta;Ponte";Não;1036064.0;Caminhonete;GM/MONTANA CONQUEST;2007.0;Passageiro;Lesões Leves;53.0;Feminino;0.0;1.0;0.0;0.0;-13.24982887;-39.54909705;SPRF-BA;DEL01-BA;UOP02-DEL01-BA
581243;1293281.0;2024-02-15;quinta-feira;01:00:00;BA;420.0;263;JIQUIRICA;Não;Condutor Dormindo;1;Colisão com objeto;Com Vítimas Feridas;Plena Noite;Decrescente;Garoa/Chuvisco;Simples;"Reta;Ponte";Não;1036064.0;Caminhonete;GM/MONTANA CONQUEST;2007.0;Condutor;Lesões Graves;54.0;Masculino;0.0;0.0;1.0;0.0;-13.24982887;-39.54909705;SPRF-BA;DEL01-BA;UOP02-DEL01-BA
581243;1294863.0;2024-02-15;quinta-feira;01:00:00;BA;420.0;263;JIQUIRICA;Sim;Ausência de reação do condutor;1;Colisão com objeto;Com Vítimas Feridas;Plena Noite;Decrescente;Garoa/Chuvisco;Simples;"Reta;Ponte";Não;1036064.0;Caminhonete;GM/MONTANA CONQUEST;2007.0;Passageiro;Lesões Leves;53.0;Feminino;0.0;1.0;0.0;0.0;-13.24982887;-39.54909705;SPRF-BA;DEL01-BA;UOP02-DEL01-BA
581243;1293281.0;2024-02-15;quinta-feira;01:00:00;BA;420.0;263;JIQUIRICA;Sim;Ausência de reação do condutor;1;Colisão com objeto;Com Vítimas Feridas;Plena Noite;Decrescente;Garoa/Chuvisco;Simples;"Reta;Ponte";Não;1036064.0;Caminhonete;GM/MONTANA CONQUEST;2007.0;Condutor;Lesões Graves;54.0;Masculino;0.0;0.0;1.0;0.0;-13.24982887;-39.54909705;SPRF-BA;DEL01-BA;UOP02-DEL01-BA
582924;1297645.0;2024-02-23;sexta-feira;19:30:00;BA;420.0;350;JAGUAQUARA;Não;Velocidade Incompatível;3;Queda de ocupante de veículo;Com Vítimas Feridas;Plena Noite;Crescente;Céu Claro;Simples;Aclive;Não;1039384.0;Automóvel;CHEV/PRISMA 1.4MT LTZ;2018.0;Condutor;Ileso;84.0;Masculino;1.0;0.0;0.0;0.0;-13.510185;-40.0517;SPRF-BA;DEL03-BA;UOP01-DEL03-BA
582924;1299703.0;2024-02-23;sexta-feira;19:30:00;BA;420.0;350;JAGUAQUARA;Não;Velocidade Incompatível;3;Queda de ocupante de veículo;Com Vítimas Feridas;Plena Noite;Crescente;Céu Claro;Simples;Aclive;Não;1041037.0;Motocicleta;HONDA/CG 125 FAN KS;2009.0;Condutor;Lesões Graves;38.0;Masculino;0.0;0.0;1.0;0.0;-13.510185;-40.0517;SPRF-BA;DEL03-BA;UOP01-DEL03-BA
582924;1297645.0;2024-02-23;sexta-feira;19:30:00;BA;420.0;350;JAGUAQUARA;Não;Reação tardia ou ineficiente do condutor;3;Queda de ocupante de veículo;Com Vítimas Feridas;Plena Noite;Crescente;Céu Claro;Simples;Aclive;Não;1039384.0;Automóvel;CHEV/PRISMA 1.4MT LTZ;2018.0;Condutor;Ileso;84.0;Masculino;1.0;0.0;0.0;0.0;-13.510185;-40.0517;SPRF-BA;DEL03-BA;UOP01-DEL03-BA
582924;1299703.0;2024-02-23;sexta-feira;19:30:00;BA;420.0;350;JAGUAQUARA;Não;Reação tardia ou ineficiente do condutor;3;Queda de ocupante de veículo;Com Vítimas Feridas;Plena Noite;Crescente;Céu Claro;Simples;Aclive;Não;1041037.0;Motocicleta;HONDA/CG 125 FAN KS;2009.0;Condutor;Lesões Graves;38.0;Masculino;0.0;0.0;1.0;0.0;-13.510185;-40.0517;SPRF-BA;DEL03-BA;UOP01-DEL03-BA
582924;1297645.0;2024-02-23;sexta-feira;19:30:00;BA;420.0;350;JAGUAQUARA;Não;Ultrapassagem Indevida;3;Queda de ocupante de veículo;Com Vítimas Feridas;Plena Noite;Crescente;Céu Claro;Simples;Aclive;Não;1039384.0;Automóvel;CHEV/PRISMA 1.4MT LTZ;2018.0;Condutor;Ileso;84.0;Masculino;1.0;0.0;0.0;0.0;-13.510185;-40.0517;SPRF-BA;DEL03-BA;UOP01-DEL03-BA
582924;1299703.0;2024-02-23;sexta-feira;19:30:00;BA;420.0;350;JAGUAQUARA;Não;Ultrapassagem Indevida;3;Queda de ocupante de veículo;Com Vítimas Feridas;Plena Noite;Crescente;Céu Claro;Simples;Aclive;Não;1041037.0;Motocicleta;HONDA/CG 125 FAN KS;2009.0;Condutor;Lesões Graves;38.0;Masculino;0.0;0.0;1.0;0.0;-13.510185;-40.0517;SPRF-BA;DEL03-BA;UOP01-DEL03-BA
582924;1297645.0;2024-02-23;sexta-feira;19:30:00;BA;420.0;350;JAGUAQUARA;Sim;Transitar na contramão;3;Queda de ocupante de veículo;Com Vítimas Feridas;Plena Noite;Crescente;Céu Claro;Simples;Aclive;Não;1039384.0;Automóvel;CHEV/PRISMA 1.4MT LTZ;2018.0;Condutor;Ileso;84.0;Masculino;1.0;0.0;0.0;0.0;-13.510185;-40.0517;SPRF-BA;DEL03-BA;UOP01-DEL03-BA
582924;1299703.0;2024-02-23;sexta-feira;19:30:00;BA;420.0;350;JAGUAQUARA;Sim;Transitar na contramão;3;Queda de ocupante de veículo;Com Vítimas Feridas;Plena Noite;Crescente;Céu Claro;Simples;Aclive;Não;1041037.0;Motocicleta;HONDA/CG 125 FAN KS;2009.0;Condutor;Lesões Graves;38.0;Masculino;0.0;0.0;1.0;0.0;-13.510185;-40.0517;SPRF-BA;DEL03-BA;UOP01-DEL03-BA
582924;1297645.0;2024-02-23;sexta-feira;19:30:00;BA;420.0;350;JAGUAQUARA;Não;Velocidade Incompatível;2;Tombamento;Com Vítimas Feridas;Plena Noite;Crescente;Céu Claro;Simples;Aclive;Não;1039384.0;Automóvel;CHEV/PRISMA 1.4MT LTZ;2018.0;Condutor;Ileso;84.0;Masculino;1.0;0.0;0.0;0.0;-13.510185;-40.0517;SPRF-BA;DEL03-BA;UOP01-DEL03-BA
582924;1299703.0;2024-02-23;sexta-feira;19:30:00;BA;420.0;350;JAGUAQUARA;Não;Velocidade Incompatível;2;Tombamento;Com Vítimas Feridas;Plena Noite;Crescente;Céu Claro;Simples;Aclive;Não;1041037.0;Motocicleta;HONDA/CG 125 FAN KS;2009.0;Condutor;Lesões Graves;38.0;Masculino;0.0;0.0;1.0;0.0;-13.510185;-40.0517;SPRF-BA;DEL03-BA;UOP01-DEL03-BA
582924;1297645.0;2024-02-23;sexta-feira;19:30:00;BA;420.0;350;JAGUAQUARA;Não;Reação tardia ou ineficiente do condutor;2;Tombamento;Com Vítimas Feridas;Plena Noite;Crescente;Céu Claro;Simples;Aclive;Não;1039384.0;Automóvel;CHEV/PRISMA 1.4MT LTZ;2018.0;Condutor;Ileso;84.0;Masculino;1.0;0.0;0.0;0.0;-13.510185;-40.0517;SPRF-BA;DEL03-BA;UOP01-DEL03-BA
582924;1299703.0;2024-02-23;sexta-feira;19:30:00;BA;420.0;350;JAGUAQUARA;Não;Reação tardia ou ineficiente do condutor;2;Tombamento;Com Vítimas Feridas;Plena Noite;Crescente;Céu Claro;Simples;Aclive;Não;1041037.0;Motocicleta;HONDA/CG 125 FAN KS;2009.0;Condutor;Lesões Graves;38.0;Masculino;0.0;0.0;1.0;0.0;-13.510185;-40.0517;SPRF-BA;DEL03-BA;UOP01-DEL03-BA
582924;1297645.0;2024-02-23;sexta-feira;19:30:00;BA;420.0;350;JAGUAQUARA;Não;Ultrapassagem Indevida;2;Tombamento;Com Vítimas Feridas;Plena Noite;Crescente;Céu Claro;Simples;Aclive;Não;1039384.0;Automóvel;CHEV/PRISMA 1.4MT LTZ;2018.0;Condutor;Ileso;84.0;Masculino;1.0;0.0;0.0;0.0;-13.510185;-40.0517;SPRF-BA;DEL03-BA;UOP01-DEL03-BA
582924;1299703.0;2024-02-23;sexta-feira;19:30:00;BA;420.0;350;JAGUAQUARA;Não;Ultrapassagem Indevida;2;Tombamento;Com Vítimas Feridas;Plena Noite;Crescente;Céu Claro;Simples;Aclive;Não;1041037.0;Motocicleta;HONDA/CG 125 FAN KS;2009.0;Condutor;Lesões Graves;38.0;Masculino;0.0;0.0;1.0;0.0;-13.510185;-40.0517;SPRF-BA;DEL03-BA;UOP01-DEL03-BA
582924;1297645.0;2024-02-23;sexta-feira;19:30:00;BA;420.0;350;JAGUAQUARA;Sim;Transitar na contramão;2;Tombamento;Com Vítimas Feridas;Plena Noite;Crescente;Céu Claro;Simples;Aclive;Não;1039384.0;Automóvel;CHEV/PRISMA 1.4MT LTZ;2018.0;Condutor;Ileso;84.0;Masculino;1.0;0.0;0.0;0.0;-13.510185;-40.0517;SPRF-BA;DEL03-BA;UOP01-DEL03-BA
582924;1299703.0;2024-02-23;sexta-feira;19:30:00;BA;420.0;350;JAGUAQUARA;Sim;Transitar na contramão;2;Tombamento;Com Vítimas Feridas;Plena Noite;Crescente;Céu Claro;Simples;Aclive;Não;1041037.0;Motocicleta;HONDA/CG 125 FAN KS;2009.0;Condutor;Lesões Graves;38.0;Masculino;0.0;0.0;1.0;0.0;-13.510185;-40.0517;SPRF-BA;DEL03-BA;UOP01-DEL03-BA
582924;1297645.0;2024-02-23;sexta-feira;19:30:00;BA;420.0;350;JAGUAQUARA;Não;Velocidade Incompatível;1;Colisão frontal;Com Vítimas Feridas;Plena Noite;Crescente;Céu Claro;Simples;Aclive;Não;1039384.0;Automóvel;CHEV/PRISMA 1.4MT LTZ;2018.0;Condutor;Ileso;84.0;Masculino;1.0;0.0;0.0;0.0;-13.510185;-40.0517;SPRF-BA;DEL03-BA;UOP01-DEL03-BA
582924;1299703.0;2024-02-23;sexta-feira;19:30:00;BA;420.0;350;JAGUAQUARA;Não;Velocidade Incompatível;1;Colisão frontal;Com Vítimas Feridas;Plena Noite;Crescente;Céu Claro;Simples;Aclive;Não;1041037.0;Motocicleta;HONDA/CG 125 FAN KS;2009.0;Condutor;Lesões Graves;38.0;Masculino;0.0;0.0;1.0;0.0;-13.510185;-40.0517;SPRF-BA;DEL03-BA;UOP01-DEL03-BA
582924;1297645.0;2024-02-23;sexta-feira;19:30:00;BA;420.0;350;JAGUAQUARA;Não;Reação tardia ou ineficiente do condutor;1;Colisão frontal;Com Vítimas Feridas;Plena Noite;Crescente;Céu Claro;Simples;Aclive;Não;1039384.0;Automóvel;CHEV/PRISMA 1.4MT LTZ;2018.0;Condutor;Ileso;84.0;Masculino;1.0;0.0;0.0;0.0;-13.510185;-40.0517;SPRF-BA;DEL03-BA;UOP01-DEL03-BA
582924;1299703.0;2024-02-23;sexta-feira;19:30:00;BA;420.0;350;JAGUAQUARA;Não;Reação tardia ou ineficiente do condutor;1;Colisão frontal;Com Vítimas Feridas;Plena Noite;Crescente;Céu Claro;Simples;Aclive;Não;1041037.0;Motocicleta;HONDA/CG 125 FAN KS;2009.0;Condutor;Lesões Graves;38.0;Masculino;0.0;0.0;1.0;0.0;-13.510185;-40.0517;SPRF-BA;DEL03-BA;UOP01-DEL03-BA
582924;1297645.0;2024-02-23;sexta-feira;19:30:00;BA;420.0;350;JAGUAQUARA;Não;Ultrapassagem Indevida;1;Colisão frontal;Com Vítimas Feridas;Plena Noite;Crescente;Céu Claro;Simples;Aclive;Não;1039384.0;Automóvel;CHEV/PRISMA 1.4MT LTZ;2018.0;Condutor;Ileso;84.0;Masculino;1.0;0.0;0.0;0.0;-13.510185;-40.0517;SPRF-BA;DEL03-BA;UOP01-DEL03-BA
582924;1299703.0;2024-02-23;sexta-feira;19:30:00;BA;420.0;350;JAGUAQUARA;Não;Ultrapassagem Indevida;1;Colisão frontal;Com Vítimas Feridas;Plena Noite;Crescente;Céu Claro;Simples;Aclive;Não;1041037.0;Motocicleta;HONDA/CG 125 FAN KS;2009.0;Condutor;Lesões Graves;38.0;Masculino;0.0;0.0;1.0;0.0;-13.510185;-40.0517;SPRF-BA;DEL03-BA;UOP01-DEL03-BA
582924;1297645.0;2024-02-23;sexta-feira;19:30:00;BA;420.0;350;JAGUAQUARA;Sim;Transitar na contramão;1;Colisão frontal;Com Vítimas Feridas;Plena Noite;Crescente;Céu Claro;Simples;Aclive;Não;1039384.0;Automóvel;CHEV/PRISMA 1.4MT LTZ;2018.0;Condutor;Ileso;84.0;Masculino;1.0;0.0;0.0;0.0;-13.510185;-40.0517;SPRF-BA;DEL03-BA;UOP01-DEL03-BA
582924;1299703.0;2024-02-23;sexta-feira;19:30:00;BA;420.0;350;JAGUAQUARA;Sim;Transitar na contramão;1;Colisão frontal;Com Vítimas Feridas;Plena Noite;Crescente;Céu Claro;Simples;Aclive;Não;1041037.0;Motocicleta;HONDA/CG 125 FAN KS;2009.0;Condutor;Lesões Graves;38.0;Masculino;0.0;0.0;1.0;0.0;-13.510185;-40.0517;SPRF-BA;DEL03-BA;UOP01-DEL03-BA
584296;1303797.0;2024-03-01;sexta-feira;16:30:00;BA;420.0;346;JAGUAQUARA;Sim;Velocidade Incompatível;1;Colisão frontal;Com Vítimas Feridas;Pleno dia;Crescente;Chuva;Simples;"Curva;Aclive";Não;1044312.0;Motoneta;HONDA/BIZ 110I;2019.0;Condutor;Lesões Graves;32.0;Masculino;0.0;0.0;1.0;0.0;-13.5038080219;-40.0258289941;SPRF-BA;DEL03-BA;UOP01-DEL03-BA
584296;1303798.0;2024-03-01;sexta-feira;16:30:00;BA;420.0;346;JAGUAQUARA;Sim;Velocidade Incompatível;1;Colisão frontal;Com Vítimas Feridas;Pleno dia;Crescente;Chuva;Simples;"Curva;Aclive";Não;1044309.0;Caminhonete;FIAT/STRADA WORKING CE;2015.0;Condutor;Não Informado;;Não Informado;0.0;0.0;0.0;0.0;-13.5038080219;-40.0258289941;SPRF-BA;DEL03-BA;UOP01-DEL03-BA
584296;1304735.0;2024-03-01;sexta-feira;16:30:00;BA;420.0;346;JAGUAQUARA;Sim;Velocidade Incompatível;1;Colisão frontal;Com Vítimas Feridas;Pleno dia;Crescente;Chuva;Simples;"Curva;Aclive";Não;1044309.0;Caminhonete;FIAT/STRADA WORKING CE;2015.0;Passageiro;Lesões Graves;66.0;Masculino;0.0;0.0;1.0;0.0;-13.5038080219;-40.0258289941;SPRF-BA;DEL03-BA;UOP01-DEL03-BA
594203;;2024-04-15;segunda-feira;12:30:00;BA;420.0;292;UBAIRA;Sim;Velocidade Incompatível;2;Saída de leito carroçável;Com Vítimas Feridas;Pleno dia;Decrescente;Nublado;Simples;Curva;Não;1060297.0;Semireboque;SR/FACCHINI SRF CFED;2012.0;;;;;;;;;-13.25235225;-39.72720623;SPRF-BA;DEL03-BA;UOP01-DEL03-BA
594203;1323896.0;2024-04-15;segunda-feira;12:30:00;BA;420.0;292;UBAIRA;Sim;Velocidade Incompatível;2;Saída de leito carroçável;Com Vítimas Feridas;Pleno dia;Decrescente;Nublado;Simples;Curva;Não;1060296.0;Caminhão-trator;VOLVO/FH 460 6X2T;2014.0;Condutor;Lesões Leves;35.0;Masculino;0.0;1.0;0.0;0.0;-13.25235225;-39.72720623;SPRF-BA;DEL03-BA;UOP01-DEL03-BA
594203;;2024-04-15;segunda-feira;12:30:00;BA;420.0;292;UBAIRA;Sim;Velocidade Incompatível;1;Tombamento;Com Vítimas Feridas;Pleno dia;Decrescente;Nublado;Simples;Curva;Não;1060297.0;Semireboque;SR/FACCHINI SRF CFED;2012.0;;;;;;;;;-13.25235225;-39.72720623;SPRF-BA;DEL03-BA;UOP01-DEL03-BA
594203;1323896.0;2024-04-15;segunda-feira;12:30:00;BA;420.0;292;UBAIRA;Sim;Velocidade Incompatível;1;Tombamento;Com Vítimas Feridas;Pleno dia;Decrescente;Nublado;Simples;Curva;Não;1060296.0;Caminhão-trator;VOLVO/FH 460 6X2T;2014.0;Condutor;Lesões Leves;35.0;Masculino;0.0;1.0;0.0;0.0;-13.25235225;-39.72720623;SPRF-BA;DEL03-BA;UOP01-DEL03-BA
600006;1338037.0;2024-05-12;domingo;11:15:00;BA;420.0;339,8;JAGUAQUARA;Sim;Ultrapassagem Indevida;1;Colisão frontal;Com Vítimas Feridas;Pleno dia;Decrescente;Céu Claro;Simples;Curva;Não;1071858.0;Caminhonete;FIAT/TORO FREEDOM AT9 D;2019.0;Passageiro;Ileso;5.0;Feminino;1.0;0.0;0.0;0.0;-13.52654833;-39.97454061;SPRF-BA;DEL03-BA;UOP01-DEL03-BA
600006;1338034.0;2024-05-12;domingo;11:15:00;BA;420.0;339,8;JAGUAQUARA;Sim;Ultrapassagem Indevida;1;Colisão frontal;Com Vítimas Feridas;Pleno dia;Decrescente;Céu Claro;Simples;Curva;Não;1071858.0;Caminhonete;FIAT/TORO FREEDOM AT9 D;2019.0;Condutor;Ileso;28.0;Feminino;1.0;0.0;0.0;0.0;-13.52654833;-39.97454061;SPRF-BA;DEL03-BA;UOP01-DEL03-BA
600006;1338038.0;2024-05-12;domingo;11:15:00;BA;420.0;339,8;JAGUAQUARA;Sim;Ultrapassagem Indevida;1;Colisão frontal;Com Vítimas Feridas;Pleno dia;Decrescente;Céu Claro;Simples;Curva;Não;1071860.0;Motocicleta;HONDA/CG 160 FAN;2021.0;Condutor;Lesões Leves;25.0;Masculino;0.0;1.0;0.0;0.0;-13.52654833;-39.97454061;SPRF-BA;DEL03-BA;UOP01-DEL03-BA
611080;1365060.0;2024-06-29;sábado;19:30:00;BA;420.0;281,5;UBAIRA;Sim;Velocidade Incompatível;1;Colisão frontal;Com Vítimas Feridas;Plena Noite;Decrescente;Céu Claro;Simples;Curva;Não;1093299.0;Automóvel;FORD/FIESTA HA 1.5L S;2014.0;Condutor;Lesões Leves;53.0;Masculino;0.0;1.0;0.0;0.0;-13.253342;-39.675093;SPRF-BA;DEL03-BA;UOP01-DEL03-BA
611080;1365069.0;2024-06-29;sábado;19:30:00;BA;420.0;281,5;UBAIRA;Sim;Velocidade Incompatível;1;Colisão frontal;Com Vítimas Feridas;Plena Noite;Decrescente;Céu Claro;Simples;Curva;Não;1093303.0;Motocicleta;HONDA/CG 125 FAN;2006.0;Condutor;Lesões Graves;18.0;Masculino;0.0;0.0;1.0;0.0;-13.253342;-39.675093;SPRF-BA;DEL03-BA;UOP01-DEL03-BA
612685;1370564.0;2024-05-22;quarta-feira;16:00:00;BA;420.0;270;JIQUIRICA;Sim;Ingestão de álcool pelo condutor;1;Colisão traseira;Com Vítimas Feridas;Pleno dia;Crescente;Ignorado;Simples;Reta;Não;1097609.0;Motocicleta;HONDA/NXR125 BROS ES;2014.0;Condutor;Lesões Graves;;Masculino;0.0;0.0;1.0;0.0;-13.26157647;-39.60376188;SPRF-BA;DEL01-BA;UOP02-DEL01-BA
612685;1370550.0;2024-05-22;quarta-feira;16:00:00;BA;420.0;270;JIQUIRICA;Sim;Ingestão de álcool pelo condutor;1;Colisão traseira;Com Vítimas Feridas;Pleno dia;Crescente;Ignorado;Simples;Reta;Não;1097600.0;Automóvel;CHEV/SPIN 1.8L MT LS E;2023.0;Condutor;Ileso;;Masculino;1.0;0.0;0.0;0.0;-13.26157647;-39.60376188;SPRF-BA;DEL01-BA;UOP02-DEL01-BA
612685;1370564.0;2024-05-22;quarta-feira;16:00:00;BA;420.0;270;JIQUIRICA;Não;Velocidade Incompatível;1;Colisão traseira;Com Vítimas Feridas;Pleno dia;Crescente;Ignorado;Simples;Reta;Não;1097609.0;Motocicleta;HONDA/NXR125 BROS ES;2014.0;Condutor;Lesões Graves;;Masculino;0.0;0.0;1.0;0.0;-13.26157647;-39.60376188;SPRF-BA;DEL01-BA;UOP02-DEL01-BA
612685;1370550.0;2024-05-22;quarta-feira;16:00:00;BA;420.0;270;JIQUIRICA;Não;Velocidade Incompatível;1;Colisão traseira;Com Vítimas Feridas;Pleno dia;Crescente;Ignorado;Simples;Reta;Não;1097600.0;Automóvel;CHEV/SPIN 1.8L MT LS E;2023.0;Condutor;Ileso;;Masculino;1.0;0.0;0.0;0.0;-13.26157647;-39.60376188;SPRF-BA;DEL01-BA;UOP02-DEL01-BA
616633;1379101.0;2024-07-24;quarta-feira;18:50:00;BA;420.0;351;JAGUAQUARA;Não;Velocidade Incompatível;3;Queda de ocupante de veículo;Com Vítimas Feridas;Plena Noite;Decrescente;Céu Claro;Simples;Reta;Não;1104285.0;Motocicleta;HONDA/CG 150 TITAN EX;2012.0;Condutor;Lesões Graves;49.0;Masculino;0.0;0.0;1.0;0.0;-13.510185;-40.0517;SPRF-BA;DEL03-BA;UOP01-DEL03-BA
616633;1379099.0;2024-07-24;quarta-feira;18:50:00;BA;420.0;351;JAGUAQUARA;Não;Velocidade Incompatível;3;Queda de ocupante de veículo;Com Vítimas Feridas;Plena Noite;Decrescente;Céu Claro;Simples;Reta;Não;1104281.0;Motocicleta;HONDA/CBX 250 TWISTER;2005.0;Condutor;Lesões Graves;32.0;Masculino;0.0;0.0;1.0;0.0;-13.510185;-40.0517;SPRF-BA;DEL03-BA;UOP01-DEL03-BA
616633;1379101.0;2024-07-24;quarta-feira;18:50:00;BA;420.0;351;JAGUAQUARA;Não;Deficiência do Sistema de Iluminação/Sinalização;3;Queda de ocupante de veículo;Com Vítimas Feridas;Plena Noite;Decrescente;Céu Claro;Simples;Reta;Não;1104285.0;Motocicleta;HONDA/CG 150 TITAN EX;2012.0;Condutor;Lesões Graves;49.0;Masculino;0.0;0.0;1.0;0.0;-13.510185;-40.0517;SPRF-BA;DEL03-BA;UOP01-DEL03-BA
616633;1379099.0;2024-07-24;quarta-feira;18:50:00;BA;420.0;351;JAGUAQUARA;Não;Deficiência do Sistema de Iluminação/Sinalização;3;Queda de ocupante de veículo;Com Vítimas Feridas;Plena Noite;Decrescente;Céu Claro;Simples;Reta;Não;1104281.0;Motocicleta;HONDA/CBX 250 TWISTER;2005.0;Condutor;Lesões Graves;32.0;Masculino;0.0;0.0;1.0;0.0;-13.510185;-40.0517;SPRF-BA;DEL03-BA;UOP01-DEL03-BA
616633;1379101.0;2024-07-24;quarta-feira;18:50:00;BA;420.0;351;JAGUAQUARA;Não;Ausência de reação do condutor;3;Queda de ocupante de veículo;Com Vítimas Feridas;Plena Noite;Decrescente;Céu Claro;Simples;Reta;Não;1104285.0;Motocicleta;HONDA/CG 150 TITAN EX;2012.0;Condutor;Lesões Graves;49.0;Masculino;0.0;0.0;1.0;0.0;-13.510185;-40.0517;SPRF-BA;DEL03-BA;UOP01-DEL03-BA
616633;1379099.0;2024-07-24;quarta-feira;18:50:00;BA;420.0;351;JAGUAQUARA;Não;Ausência de reação do condutor;3;Queda de ocupante de veículo;Com Vítimas Feridas;Plena Noite;Decrescente;Céu Claro;Simples;Reta;Não;1104281.0;Motocicleta;HONDA/CBX 250 TWISTER;2005.0;Condutor;Lesões Graves;32.0;Masculino;0.0;0.0;1.0;0.0;-13.510185;-40.0517;SPRF-BA;DEL03-BA;UOP01-DEL03-BA
616633;1379101.0;2024-07-24;quarta-feira;18:50:00;BA;420.0;351;JAGUAQUARA;Sim;Transitar na contramão;3;Queda de ocupante de veículo;Com Vítimas Feridas;Plena Noite;Decrescente;Céu Claro;Simples;Reta;Não;1104285.0;Motocicleta;HONDA/CG 150 TITAN EX;2012.0;Condutor;Lesões Graves;49.0;Masculino;0.0;0.0;1.0;0.0;-13.510185;-40.0517;SPRF-BA;DEL03-BA;UOP01-DEL03-BA
616633;1379099.0;2024-07-24;quarta-feira;18:50:00;BA;420.0;351;JAGUAQUARA;Sim;Transitar na contramão;3;Queda de ocupante de veículo;Com Vítimas Feridas;Plena Noite;Decrescente;Céu Claro;Simples;Reta;Não;1104281.0;Motocicleta;HONDA/CBX 250 TWISTER;2005.0;Condutor;Lesões Graves;32.0;Masculino;0.0;0.0;1.0;0.0;-13.510185;-40.0517;SPRF-BA;DEL03-BA;UOP01-DEL03-BA
616633;1379101.0;2024-07-24;quarta-feira;18:50:00;BA;420.0;351;JAGUAQUARA;Não;Velocidade Incompatível;2;Tombamento;Com Vítimas Feridas;Plena Noite;Decrescente;Céu Claro;Simples;Reta;Não;1104285.0;Motocicleta;HONDA/CG 150 TITAN EX;2012.0;Condutor;Lesões Graves;49.0;Masculino;0.0;0.0;1.0;0.0;-13.510185;-40.0517;SPRF-BA;DEL03-BA;UOP01-DEL03-BA
616633;1379099.0;2024-07-24;quarta-feira;18:50:00;BA;420.0;351;JAGUAQUARA;Não;Velocidade Incompatível;2;Tombamento;Com Vítimas Feridas;Plena Noite;Decrescente;Céu Claro;Simples;Reta;Não;1104281.0;Motocicleta;HONDA/CBX 250 TWISTER;2005.0;Condutor;Lesões Graves;32.0;Masculino;0.0;0.0;1.0;0.0;-13.510185;-40.0517;SPRF-BA;DEL03-BA;UOP01-DEL03-BA
616633;1379101.0;2024-07-24;quarta-feira;18:50:00;BA;420.0;351;JAGUAQUARA;Não;Deficiência do Sistema de Iluminação/Sinalização;2;Tombamento;Com Vítimas Feridas;Plena Noite;Decrescente;Céu Claro;Simples;Reta;Não;1104285.0;Motocicleta;HONDA/CG 150 TITAN EX;2012.0;Condutor;Lesões Graves;49.0;Masculino;0.0;0.0;1.0;0.0;-13.510185;-40.0517;SPRF-BA;DEL03-BA;UOP01-DEL03-BA
616633;1379099.0;2024-07-24;quarta-feira;18:50:00;BA;420.0;351;JAGUAQUARA;Não;Deficiência do Sistema de Iluminação/Sinalização;2;Tombamento;Com Vítimas Feridas;Plena Noite;Decrescente;Céu Claro;Simples;Reta;Não;1104281.0;Motocicleta;HONDA/CBX 250 TWISTER;2005.0;Condutor;Lesões Graves;32.0;Masculino;0.0;0.0;1.0;0.0;-13.510185;-40.0517;SPRF-BA;DEL03-BA;UOP01-DEL03-BA
616633;1379101.0;2024-07-24;quarta-feira;18:50:00;BA;420.0;351;JAGUAQUARA;Não;Ausência de reação do condutor;2;Tombamento;Com Vítimas Feridas;Plena Noite;Decrescente;Céu Claro;Simples;Reta;Não;1104285.0;Motocicleta;HONDA/CG 150 TITAN EX;2012.0;Condutor;Lesões Graves;49.0;Masculino;0.0;0.0;1.0;0.0;-13.510185;-40.0517;SPRF-BA;DEL03-BA;UOP01-DEL03-BA
616633;1379099.0;2024-07-24;quarta-feira;18:50:00;BA;420.0;351;JAGUAQUARA;Não;Ausência de reação do condutor;2;Tombamento;Com Vítimas Feridas;Plena Noite;Decrescente;Céu Claro;Simples;Reta;Não;1104281.0;Motocicleta;HONDA/CBX 250 TWISTER;2005.0;Condutor;Lesões Graves;32.0;Masculino;0.0;0.0;1.0;0.0;-13.510185;-40.0517;SPRF-BA;DEL03-BA;UOP01-DEL03-BA
616633;1379101.0;2024-07-24;quarta-feira;18:50:00;BA;420.0;351;JAGUAQUARA;Sim;Transitar na contramão;2;Tombamento;Com Vítimas Feridas;Plena Noite;Decrescente;Céu Claro;Simples;Reta;Não;1104285.0;Motocicleta;HONDA/CG 150 TITAN EX;2012.0;Condutor;Lesões Graves;49.0;Masculino;0.0;0.0;1.0;0.0;-13.510185;-40.0517;SPRF-BA;DEL03-BA;UOP01-DEL03-BA
616633;1379099.0;2024-07-24;quarta-feira;18:50:00;BA;420.0;351;JAGUAQUARA;Sim;Transitar na contramão;2;Tombamento;Com Vítimas Feridas;Plena Noite;Decrescente;Céu Claro;Simples;Reta;Não;1104281.0;Motocicleta;HONDA/CBX 250 TWISTER;2005.0;Condutor;Lesões Graves;32.0;Masculino;0.0;0.0;1.0;0.0;-13.510185;-40.0517;SPRF-BA;DEL03-BA;UOP01-DEL03-BA
616633;1379101.0;2024-07-24;quarta-feira;18:50:00;BA;420.0;351;JAGUAQUARA;Não;Velocidade Incompatível;1;Colisão frontal;Com Vítimas Feridas;Plena Noite;Decrescente;Céu Claro;Simples;Reta;Não;1104285.0;Motocicleta;HONDA/CG 150 TITAN EX;2012.0;Condutor;Lesões Graves;49.0;Masculino;0.0;0.0;1.0;0.0;-13.510185;-40.0517;SPRF-BA;DEL03-BA;UOP01-DEL03-BA
616633;1379099.0;2024-07-24;quarta-feira;18:50:00;BA;420.0;351;JAGUAQUARA;Não;Velocidade Incompatível;1;Colisão frontal;Com Vítimas Feridas;Plena Noite;Decrescente;Céu Claro;Simples;Reta;Não;1104281.0;Motocicleta;HONDA/CBX 250 TWISTER;2005.0;Condutor;Lesões Graves;32.0;Masculino;0.0;0.0;1.0;0.0;-13.510185;-40.0517;SPRF-BA;DEL03-BA;UOP01-DEL03-BA
616633;1379101.0;2024-07-24;quarta-feira;18:50:00;BA;420.0;351;JAGUAQUARA;Não;Deficiência do Sistema de Iluminação/Sinalização;1;Colisão frontal;Com Vítimas Feridas;Plena Noite;Decrescente;Céu Claro;Simples;Reta;Não;1104285.0;Motocicleta;HONDA/CG 150 TITAN EX;2012.0;Condutor;Lesões Graves;49.0;Masculino;0.0;0.0;1.0;0.0;-13.510185;-40.0517;SPRF-BA;DEL03-BA;UOP01-DEL03-BA
616633;1379099.0;2024-07-24;quarta-feira;18:50:00;BA;420.0;351;JAGUAQUARA;Não;Deficiência do Sistema de Iluminação/Sinalização;1;Colisão frontal;Com Vítimas Feridas;Plena Noite;Decrescente;Céu Claro;Simples;Reta;Não;1104281.0;Motocicleta;HONDA/CBX 250 TWISTER;2005.0;Condutor;Lesões Graves;32.0;Masculino;0.0;0.0;1.0;0.0;-13.510185;-40.0517;SPRF-BA;DEL03-BA;UOP01-DEL03-BA
616633;1379101.0;2024-07-24;quarta-feira;18:50:00;BA;420.0;351;JAGUAQUARA;Não;Ausência de reação do condutor;1;Colisão frontal;Com Vítimas Feridas;Plena Noite;Decrescente;Céu Claro;Simples;Reta;Não;1104285.0;Motocicleta;HONDA/CG 150 TITAN EX;2012.0;Condutor;Lesões Graves;49.0;Masculino;0.0;0.0;1.0;0.0;-13.510185;-40.0517;SPRF-BA;DEL03-BA;UOP01-DEL03-BA
616633;1379099.0;2024-07-24;quarta-feira;18:50:00;BA;420.0;351;JAGUAQUARA;Não;Ausência de reação do condutor;1;Colisão frontal;Com Vítimas Feridas;Plena Noite;Decrescente;Céu Claro;Simples;Reta;Não;1104281.0;Motocicleta;HONDA/CBX 250 TWISTER;2005.0;Condutor;Lesões Graves;32.0;Masculino;0.0;0.0;1.0;0.0;-13.510185;-40.0517;SPRF-BA;DEL03-BA;UOP01-DEL03-BA
616633;1379101.0;2024-07-24;quarta-feira;18:50:00;BA;420.0;351;JAGUAQUARA;Sim;Transitar na contramão;1;Colisão frontal;Com Vítimas Feridas;Plena Noite;Decrescente;Céu Claro;Simples;Reta;Não;1104285.0;Motocicleta;HONDA/CG 150 TITAN EX;2012.0;Condutor;Lesões Graves;49.0;Masculino;0.0;0.0;1.0;0.0;-13.510185;-40.0517;SPRF-BA;DEL03-BA;UOP01-DEL03-BA
616633;1379099.0;2024-07-24;quarta-feira;18:50:00;BA;420.0;351;JAGUAQUARA;Sim;Transitar na contramão;1;Colisão frontal;Com Vítimas Feridas;Plena Noite;Decrescente;Céu Claro;Simples;Reta;Não;1104281.0;Motocicleta;HONDA/CBX 250 TWISTER;2005.0;Condutor;Lesões Graves;32.0;Masculino;0.0;0.0;1.0;0.0;-13.510185;-40.0517;SPRF-BA;DEL03-BA;UOP01-DEL03-BA
616817;;2024-07-25;quinta-feira;10:40:00;BA;420.0;313;SANTA INES;Sim;Ausência de reação do condutor;1;Colisão frontal;Com Vítimas Feridas;Pleno dia;Crescente;Nublado;Simples;Curva;Não;1104629.0;Semireboque;SR/IMPERIAL CF3275000F 1;2018.0;;;;;;;;;-13.33286906;-39.86885562;SPRF-BA;DEL03-BA;UOP01-DEL03-BA
616817;1379534.0;2024-07-25;quinta-feira;10:40:00;BA;420.0;313;SANTA INES;Sim;Ausência de reação do condutor;1;Colisão frontal;Com Vítimas Feridas;Pleno dia;Crescente;Nublado;Simples;Curva;Não;1104628.0;Caminhão-trator;FORD/CARGO 1933 BTL;2018.0;Condutor;Ileso;49.0;Masculino;1.0;0.0;0.0;0.0;-13.33286906;-39.86885562;SPRF-BA;DEL03-BA;UOP01-DEL03-BA
616817;1379533.0;2024-07-25;quinta-feira;10:40:00;BA;420.0;313;SANTA INES;Sim;Ausência de reação do condutor;1;Colisão frontal;Com Vítimas Feridas;Pleno dia;Crescente;Nublado;Simples;Curva;Não;1104627.0;Caminhonete;FIAT/DOBLO CARGO 1.4;2013.0;Condutor;Lesões Leves;65.0;Masculino;0.0;1.0;0.0;0.0;-13.33286906;-39.86885562;SPRF-BA;DEL03-BA;UOP01-DEL03-BA
617275;1380840.0;2024-07-27;sábado;14:30:00;BA;420.0;332,5;ITAQUARA;Sim;Acessar a via sem observar a presença dos outros veículos;1;Colisão transversal;Com Vítimas Feridas;Pleno dia;Decrescente;Nublado;Simples;"Declive;Reta";Não;1105626.0;Caminhonete;FIAT/STRADA ENDURANCE CS;2023.0;Condutor;Ileso;34.0;Masculino;1.0;0.0;0.0;0.0;-13.4756691;-39.94895372;SPRF-BA;DEL03-BA;UOP01-DEL03-BA
617275;1380843.0;2024-07-27;sábado;14:30:00;BA;420.0;332,5;ITAQUARA;Sim;Acessar a via sem observar a presença dos outros veículos;1;Colisão transversal;Com Vítimas Feridas;Pleno dia;Decrescente;Nublado;Simples;"Declive;Reta";Não;1105626.0;Caminhonete;FIAT/STRADA ENDURANCE CS;2023.0;Passageiro;Lesões Leves;27.0;Feminino;0.0;1.0;0.0;0.0;-13.4756691;-39.94895372;SPRF-BA;DEL03-BA;UOP01-DEL03-BA
617275;1380835.0;2024-07-27;sábado;14:30:00;BA;420.0;332,5;ITAQUARA;Sim;Acessar a via sem observar a presença dos outros veículos;1;Colisão transversal;Com Vítimas Feridas;Pleno dia;Decrescente;Nublado;Simples;"Declive;Reta";Não;1105625.0;Automóvel;FIAT/SIENA ATTRACTIV 1.4;2014.0;Condutor;Lesões Leves;61.0;Masculino;0.0;1.0;0.0;0.0;-13.4756691;-39.94895372;SPRF-BA;DEL03-BA;UOP01-DEL03-BA
627622;1405985.0;2024-09-12;quinta-feira;14:00:00;BA;420.0;259;MUTUIPE;Não;Manobra de mudança de faixa;2;Capotamento;Com Vítimas Feridas;Pleno dia;Decrescente;Sol;Simples;"Reta;Aclive";Não;1125661.0;Automóvel;FORD/KA SE 1.0 HA B;2016.0;Passageiro;Lesões Leves;69.0;Feminino;0.0;1.0;0.0;0.0;-13.22837358;-39.53491124;SPRF-BA;DEL01-BA;UOP02-DEL01-BA
627622;1405983.0;2024-09-12;quinta-feira;14:00:00;BA;420.0;259;MUTUIPE;Não;Manobra de mudança de faixa;2;Capotamento;Com Vítimas Feridas;Pleno dia;Decrescente;Sol;Simples;"Reta;Aclive";Não;1125661.0;Automóvel;FORD/KA SE 1.0 HA B;2016.0;Passageiro;Lesões Leves;43.0;Feminino;0.0;1.0;0.0;0.0;-13.22837358;-39.53491124;SPRF-BA;DEL01-BA;UOP02-DEL01-BA
627622;1405982.0;2024-09-12;quinta-feira;14:00:00;BA;420.0;259;MUTUIPE;Não;Manobra de mudança de faixa;2;Capotamento;Com Vítimas Feridas;Pleno dia;Decrescente;Sol;Simples;"Reta;Aclive";Não;1125661.0;Automóvel;FORD/KA SE 1.0 HA B;2016.0;Condutor;Lesões Leves;34.0;Masculino;0.0;1.0;0.0;0.0;-13.22837358;-39.53491124;SPRF-BA;DEL01-BA;UOP02-DEL01-BA
627622;1405985.0;2024-09-12;quinta-feira;14:00:00;BA;420.0;259;MUTUIPE;Não;Manobra de mudança de faixa;1;Saída de leito carroçável;Com Vítimas Feridas;Pleno dia;Decrescente;Sol;Simples;"Reta;Aclive";Não;1125661.0;Automóvel;FORD/KA SE 1.0 HA B;2016.0;Passageiro;Lesões Leves;69.0;Feminino;0.0;1.0;0.0;0.0;-13.22837358;-39.53491124;SPRF-BA;DEL01-BA;UOP02-DEL01-BA
627622;1405983.0;2024-09-12;quinta-feira;14:00:00;BA;420.0;259;MUTUIPE;Não;Manobra de mudança de faixa;1;Saída de leito carroçável;Com Vítimas Feridas;Pleno dia;Decrescente;Sol;Simples;"Reta;Aclive";Não;1125661.0;Automóvel;FORD/KA SE 1.0 HA B;2016.0;Passageiro;Lesões Leves;43.0;Feminino;0.0;1.0;0.0;0.0;-13.22837358;-39.53491124;SPRF-BA;DEL01-BA;UOP02-DEL01-BA
627622;1405982.0;2024-09-12;quinta-feira;14:00:00;BA;420.0;259;MUTUIPE;Não;Manobra de mudança de faixa;1;Saída de leito carroçável;Com Vítimas Feridas;Pleno dia;Decrescente;Sol;Simples;"Reta;Aclive";Não;1125661.0;Automóvel;FORD/KA SE 1.0 HA B;2016.0;Condutor;Lesões Leves;34.0;Masculino;0.0;1.0;0.0;0.0;-13.22837358;-39.53491124;SPRF-BA;DEL01-BA;UOP02-DEL01-BA
627622;1405985.0;2024-09-12;quinta-feira;14:00:00;BA;420.0;259;MUTUIPE;Sim;Reação tardia ou ineficiente do condutor;2;Capotamento;Com Vítimas Feridas;Pleno dia;Decrescente;Sol;Simples;"Reta;Aclive";Não;1125661.0;Automóvel;FORD/KA SE 1.0 HA B;2016.0;Passageiro;Lesões Leves;69.0;Feminino;0.0;1.0;0.0;0.0;-13.22837358;-39.53491124;SPRF-BA;DEL01-BA;UOP02-DEL01-BA
627622;1405983.0;2024-09-12;quinta-feira;14:00:00;BA;420.0;259;MUTUIPE;Sim;Reação tardia ou ineficiente do condutor;2;Capotamento;Com Vítimas Feridas;Pleno dia;Decrescente;Sol;Simples;"Reta;Aclive";Não;1125661.0;Automóvel;FORD/KA SE 1.0 HA B;2016.0;Passageiro;Lesões Leves;43.0;Feminino;0.0;1.0;0.0;0.0;-13.22837358;-39.53491124;SPRF-BA;DEL01-BA;UOP02-DEL01-BA
627622;1405982.0;2024-09-12;quinta-feira;14:00:00;BA;420.0;259;MUTUIPE;Sim;Reação tardia ou ineficiente do condutor;2;Capotamento;Com Vítimas Feridas;Pleno dia;Decrescente;Sol;Simples;"Reta;Aclive";Não;1125661.0;Automóvel;FORD/KA SE 1.0 HA B;2016.0;Condutor;Lesões Leves;34.0;Masculino;0.0;1.0;0.0;0.0;-13.22837358;-39.53491124;SPRF-BA;DEL01-BA;UOP02-DEL01-BA
627622;1405985.0;2024-09-12;quinta-feira;14:00:00;BA;420.0;259;MUTUIPE;Sim;Reação tardia ou ineficiente do condutor;1;Saída de leito carroçável;Com Vítimas Feridas;Pleno dia;Decrescente;Sol;Simples;"Reta;Aclive";Não;1125661.0;Automóvel;FORD/KA SE 1.0 HA B;2016.0;Passageiro;Lesões Leves;69.0;Feminino;0.0;1.0;0.0;0.0;-13.22837358;-39.53491124;SPRF-BA;DEL01-BA;UOP02-DEL01-BA
627622;1405983.0;2024-09-12;quinta-feira;14:00:00;BA;420.0;259;MUTUIPE;Sim;Reação tardia ou ineficiente do condutor;1;Saída de leito carroçável;Com Vítimas Feridas;Pleno dia;Decrescente;Sol;Simples;"Reta;Aclive";Não;1125661.0;Automóvel;FORD/KA SE 1.0 HA B;2016.0;Passageiro;Lesões Leves;43.0;Feminino;0.0;1.0;0.0;0.0;-13.22837358;-39.53491124;SPRF-BA;DEL01-BA;UOP02-DEL01-BA
627622;1405982.0;2024-09-12;quinta-feira;14:00:00;BA;420.0;259;MUTUIPE;Sim;Reação tardia ou ineficiente do condutor;1;Saída de leito carroçável;Com Vítimas Feridas;Pleno dia;Decrescente;Sol;Simples;"Reta;Aclive";Não;1125661.0;Automóvel;FORD/KA SE 1.0 HA B;2016.0;Condutor;Lesões Leves;34.0;Masculino;0.0;1.0;0.0;0.0;-13.22837358;-39.53491124;SPRF-BA;DEL01-BA;UOP02-DEL01-BA
627622;1405985.0;2024-09-12;quinta-feira;14:00:00;BA;420.0;259;MUTUIPE;Não;Transitar na contramão;2;Capotamento;Com Vítimas Feridas;Pleno dia;Decrescente;Sol;Simples;"Reta;Aclive";Não;1125661.0;Automóvel;FORD/KA SE 1.0 HA B;2016.0;Passageiro;Lesões Leves;69.0;Feminino;0.0;1.0;0.0;0.0;-13.22837358;-39.53491124;SPRF-BA;DEL01-BA;UOP02-DEL01-BA
627622;1405983.0;2024-09-12;quinta-feira;14:00:00;BA;420.0;259;MUTUIPE;Não;Transitar na contramão;2;Capotamento;Com Vítimas Feridas;Pleno dia;Decrescente;Sol;Simples;"Reta;Aclive";Não;1125661.0;Automóvel;FORD/KA SE 1.0 HA B;2016.0;Passageiro;Lesões Leves;43.0;Feminino;0.0;1.0;0.0;0.0;-13.22837358;-39.53491124;SPRF-BA;DEL01-BA;UOP02-DEL01-BA
627622;1405982.0;2024-09-12;quinta-feira;14:00:00;BA;420.0;259;MUTUIPE;Não;Transitar na contramão;2;Capotamento;Com Vítimas Feridas;Pleno dia;Decrescente;Sol;Simples;"Reta;Aclive";Não;1125661.0;Automóvel;FORD/KA SE 1.0 HA B;2016.0;Condutor;Lesões Leves;34.0;Masculino;0.0;1.0;0.0;0.0;-13.22837358;-39.53491124;SPRF-BA;DEL01-BA;UOP02-DEL01-BA
627622;1405985.0;2024-09-12;quinta-feira;14:00:00;BA;420.0;259;MUTUIPE;Não;Transitar na contramão;1;Saída de leito carroçável;Com Vítimas Feridas;Pleno dia;Decrescente;Sol;Simples;"Reta;Aclive";Não;1125661.0;Automóvel;FORD/KA SE 1.0 HA B;2016.0;Passageiro;Lesões Leves;69.0;Feminino;0.0;1.0;0.0;0.0;-13.22837358;-39.53491124;SPRF-BA;DEL01-BA;UOP02-DEL01-BA
627622;1405983.0;2024-09-12;quinta-feira;14:00:00;BA;420.0;259;MUTUIPE;Não;Transitar na contramão;1;Saída de leito carroçável;Com Vítimas Feridas;Pleno dia;Decrescente;Sol;Simples;"Reta;Aclive";Não;1125661.0;Automóvel;FORD/KA SE 1.0 HA B;2016.0;Passageiro;Lesões Leves;43.0;Feminino;0.0;1.0;0.0;0.0;-13.22837358;-39.53491124;SPRF-BA;DEL01-BA;UOP02-DEL01-BA
627622;1405982.0;2024-09-12;quinta-feira;14:00:00;BA;420.0;259;MUTUIPE;Não;Transitar na contramão;1;Saída de leito carroçável;Com Vítimas Feridas;Pleno dia;Decrescente;Sol;Simples;"Reta;Aclive";Não;1125661.0;Automóvel;FORD/KA SE 1.0 HA B;2016.0;Condutor;Lesões Leves;34.0;Masculino;0.0;1.0;0.0;0.0;-13.22837358;-39.53491124;SPRF-BA;DEL01-BA;UOP02-DEL01-BA
627622;1405985.0;2024-09-12;quinta-feira;14:00:00;BA;420.0;259;MUTUIPE;Não;Velocidade Incompatível;2;Capotamento;Com Vítimas Feridas;Pleno dia;Decrescente;Sol;Simples;"Reta;Aclive";Não;1125661.0;Automóvel;FORD/KA SE 1.0 HA B;2016.0;Passageiro;Lesões Leves;69.0;Feminino;0.0;1.0;0.0;0.0;-13.22837358;-39.53491124;SPRF-BA;DEL01-BA;UOP02-DEL01-BA
627622;1405983.0;2024-09-12;quinta-feira;14:00:00;BA;420.0;259;MUTUIPE;Não;Velocidade Incompatível;2;Capotamento;Com Vítimas Feridas;Pleno dia;Decrescente;Sol;Simples;"Reta;Aclive";Não;1125661.0;Automóvel;FORD/KA SE 1.0 HA B;2016.0;Passageiro;Lesões Leves;43.0;Feminino;0.0;1.0;0.0;0.0;-13.22837358;-39.53491124;SPRF-BA;DEL01-BA;UOP02-DEL01-BA
627622;1405982.0;2024-09-12;quinta-feira;14:00:00;BA;420.0;259;MUTUIPE;Não;Velocidade Incompatível;2;Capotamento;Com Vítimas Feridas;Pleno dia;Decrescente;Sol;Simples;"Reta;Aclive";Não;1125661.0;Automóvel;FORD/KA SE 1.0 HA B;2016.0;Condutor;Lesões Leves;34.0;Masculino;0.0;1.0;0.0;0.0;-13.22837358;-39.53491124;SPRF-BA;DEL01-BA;UOP02-DEL01-BA
627622;1405985.0;2024-09-12;quinta-feira;14:00:00;BA;420.0;259;MUTUIPE;Não;Velocidade Incompatível;1;Saída de leito carroçável;Com Vítimas Feridas;Pleno dia;Decrescente;Sol;Simples;"Reta;Aclive";Não;1125661.0;Automóvel;FORD/KA SE 1.0 HA B;2016.0;Passageiro;Lesões Leves;69.0;Feminino;0.0;1.0;0.0;0.0;-13.22837358;-39.53491124;SPRF-BA;DEL01-BA;UOP02-DEL01-BA
627622;1405983.0;2024-09-12;quinta-feira;14:00:00;BA;420.0;259;MUTUIPE;Não;Velocidade Incompatível;1;Saída de leito carroçável;Com Vítimas Feridas;Pleno dia;Decrescente;Sol;Simples;"Reta;Aclive";Não;1125661.0;Automóvel;FORD/KA SE 1.0 HA B;2016.0;Passageiro;Lesões Leves;43.0;Feminino;0.0;1.0;0.0;0.0;-13.22837358;-39.53491124;SPRF-BA;DEL01-BA;UOP02-DEL01-BA
627622;1405982.0;2024-09-12;quinta-feira;14:00:00;BA;420.0;259;MUTUIPE;Não;Velocidade Incompatível;1;Saída de leito carroçável;Com Vítimas Feridas;Pleno dia;Decrescente;Sol;Simples;"Reta;Aclive";Não;1125661.0;Automóvel;FORD/KA SE 1.0 HA B;2016.0;Condutor;Lesões Leves;34.0;Masculino;0.0;1.0;0.0;0.0;-13.22837358;-39.53491124;SPRF-BA;DEL01-BA;UOP02-DEL01-BA
627622;1405985.0;2024-09-12;quinta-feira;14:00:00;BA;420.0;259;MUTUIPE;Não;Falta de acostamento;2;Capotamento;Com Vítimas Feridas;Pleno dia;Decrescente;Sol;Simples;"Reta;Aclive";Não;1125661.0;Automóvel;FORD/KA SE 1.0 HA B;2016.0;Passageiro;Lesões Leves;69.0;Feminino;0.0;1.0;0.0;0.0;-13.22837358;-39.53491124;SPRF-BA;DEL01-BA;UOP02-DEL01-BA
627622;1405983.0;2024-09-12;quinta-feira;14:00:00;BA;420.0;259;MUTUIPE;Não;Falta de acostamento;2;Capotamento;Com Vítimas Feridas;Pleno dia;Decrescente;Sol;Simples;"Reta;Aclive";Não;1125661.0;Automóvel;FORD/KA SE 1.0 HA B;2016.0;Passageiro;Lesões Leves;43.0;Feminino;0.0;1.0;0.0;0.0;-13.22837358;-39.53491124;SPRF-BA;DEL01-BA;UOP02-DEL01-BA
627622;1405982.0;2024-09-12;quinta-feira;14:00:00;BA;420.0;259;MUTUIPE;Não;Falta de acostamento;2;Capotamento;Com Vítimas Feridas;Pleno dia;Decrescente;Sol;Simples;"Reta;Aclive";Não;1125661.0;Automóvel;FORD/KA SE 1.0 HA B;2016.0;Condutor;Lesões Leves;34.0;Masculino;0.0;1.0;0.0;0.0;-13.22837358;-39.53491124;SPRF-BA;DEL01-BA;UOP02-DEL01-BA
627622;1405985.0;2024-09-12;quinta-feira;14:00:00;BA;420.0;259;MUTUIPE;Não;Falta de acostamento;1;Saída de leito carroçável;Com Vítimas Feridas;Pleno dia;Decrescente;Sol;Simples;"Reta;Aclive";Não;1125661.0;Automóvel;FORD/KA SE 1.0 HA B;2016.0;Passageiro;Lesões Leves;69.0;Feminino;0.0;1.0;0.0;0.0;-13.22837358;-39.53491124;SPRF-BA;DEL01-BA;UOP02-DEL01-BA
627622;1405983.0;2024-09-12;quinta-feira;14:00:00;BA;420.0;259;MUTUIPE;Não;Falta de acostamento;1;Saída de leito carroçável;Com Vítimas Feridas;Pleno dia;Decrescente;Sol;Simples;"Reta;Aclive";Não;1125661.0;Automóvel;FORD/KA SE 1.0 HA B;2016.0;Passageiro;Lesões Leves;43.0;Feminino;0.0;1.0;0.0;0.0;-13.22837358;-39.53491124;SPRF-BA;DEL01-BA;UOP02-DEL01-BA
627622;1405982.0;2024-09-12;quinta-feira;14:00:00;BA;420.0;259;MUTUIPE;Não;Falta de acostamento;1;Saída de leito carroçável;Com Vítimas Feridas;Pleno dia;Decrescente;Sol;Simples;"Reta;Aclive";Não;1125661.0;Automóvel;FORD/KA SE 1.0 HA B;2016.0;Condutor;Lesões Leves;34.0;Masculino;0.0;1.0;0.0;0.0;-13.22837358;-39.53491124;SPRF-BA;DEL01-BA;UOP02-DEL01-BA
627622;1405985.0;2024-09-12;quinta-feira;14:00:00;BA;420.0;259;MUTUIPE;Não;Frear bruscamente;2;Capotamento;Com Vítimas Feridas;Pleno dia;Decrescente;Sol;Simples;"Reta;Aclive";Não;1125661.0;Automóvel;FORD/KA SE 1.0 HA B;2016.0;Passageiro;Lesões Leves;69.0;Feminino;0.0;1.0;0.0;0.0;-13.22837358;-39.53491124;SPRF-BA;DEL01-BA;UOP02-DEL01-BA
627622;1405983.0;2024-09-12;quinta-feira;14:00:00;BA;420.0;259;MUTUIPE;Não;Frear bruscamente;2;Capotamento;Com Vítimas Feridas;Pleno dia;Decrescente;Sol;Simples;"Reta;Aclive";Não;1125661.0;Automóvel;FORD/KA SE 1.0 HA B;2016.0;Passageiro;Lesões Leves;43.0;Feminino;0.0;1.0;0.0;0.0;-13.22837358;-39.53491124;SPRF-BA;DEL01-BA;UOP02-DEL01-BA
627622;1405982.0;2024-09-12;quinta-feira;14:00:00;BA;420.0;259;MUTUIPE;Não;Frear bruscamente;2;Capotamento;Com Vítimas Feridas;Pleno dia;Decrescente;Sol;Simples;"Reta;Aclive";Não;1125661.0;Automóvel;FORD/KA SE 1.0 HA B;2016.0;Condutor;Lesões Leves;34.0;Masculino;0.0;1.0;0.0;0.0;-13.22837358;-39.53491124;SPRF-BA;DEL01-BA;UOP02-DEL01-BA
627622;1405985.0;2024-09-12;quinta-feira;14:00:00;BA;420.0;259;MUTUIPE;Não;Frear bruscamente;1;Saída de leito carroçável;Com Vítimas Feridas;Pleno dia;Decrescente;Sol;Simples;"Reta;Aclive";Não;1125661.0;Automóvel;FORD/KA SE 1.0 HA B;2016.0;Passageiro;Lesões Leves;69.0;Feminino;0.0;1.0;0.0;0.0;-13.22837358;-39.53491124;SPRF-BA;DEL01-BA;UOP02-DEL01-BA
627622;1405983.0;2024-09-12;quinta-feira;14:00:00;BA;420.0;259;MUTUIPE;Não;Frear bruscamente;1;Saída de leito carroçável;Com Vítimas Feridas;Pleno dia;Decrescente;Sol;Simples;"Reta;Aclive";Não;1125661.0;Automóvel;FORD/KA SE 1.0 HA B;2016.0;Passageiro;Lesões Leves;43.0;Feminino;0.0;1.0;0.0;0.0;-13.22837358;-39.53491124;SPRF-BA;DEL01-BA;UOP02-DEL01-BA
627622;1405982.0;2024-09-12;quinta-feira;14:00:00;BA;420.0;259;MUTUIPE;Não;Frear bruscamente;1;Saída de leito carroçável;Com Vítimas Feridas;Pleno dia;Decrescente;Sol;Simples;"Reta;Aclive";Não;1125661.0;Automóvel;FORD/KA SE 1.0 HA B;2016.0;Condutor;Lesões Leves;34.0;Masculino;0.0;1.0;0.0;0.0;-13.22837358;-39.53491124;SPRF-BA;DEL01-BA;UOP02-DEL01-BA
628145;1407205.0;2024-09-14;sábado;23:30:00;BA;420.0;239;LAJE;Sim;Pedestre andava na pista;1;Atropelamento de Pedestre;Com Vítimas Fatais;Plena Noite;Crescente;Nublado;Simples;Reta;Não;1126641.0;Automóvel;VW/GOL ATLANTA;1996.0;Passageiro;Ileso;33.0;Feminino;1.0;0.0;0.0;0.0;-13.16473957;-39.40229416;SPRF-BA;DEL01-BA;UOP02-DEL01-BA
628145;1407204.0;2024-09-14;sábado;23:30:00;BA;420.0;239;LAJE;Sim;Pedestre andava na pista;1;Atropelamento de Pedestre;Com Vítimas Fatais;Plena Noite;Crescente;Nublado;Simples;Reta;Não;1126641.0;Automóvel;VW/GOL ATLANTA;1996.0;Passageiro;Ileso;3.0;Masculino;1.0;0.0;0.0;0.0;-13.16473957;-39.40229416;SPRF-BA;DEL01-BA;UOP02-DEL01-BA
628145;1407203.0;2024-09-14;sábado;23:30:00;BA;420.0;239;LAJE;Sim;Pedestre andava na pista;1;Atropelamento de Pedestre;Com Vítimas Fatais;Plena Noite;Crescente;Nublado;Simples;Reta;Não;1126641.0;Automóvel;VW/GOL ATLANTA;1996.0;Passageiro;Ileso;38.0;Masculino;1.0;0.0;0.0;0.0;-13.16473957;-39.40229416;SPRF-BA;DEL01-BA;UOP02-DEL01-BA
628145;1407202.0;2024-09-14;sábado;23:30:00;BA;420.0;239;LAJE;Sim;Pedestre andava na pista;1;Atropelamento de Pedestre;Com Vítimas Fatais;Plena Noite;Crescente;Nublado;Simples;Reta;Não;1126641.0;Automóvel;VW/GOL ATLANTA;1996.0;Condutor;Ileso;52.0;Masculino;1.0;0.0;0.0;0.0;-13.16473957;-39.40229416;SPRF-BA;DEL01-BA;UOP02-DEL01-BA
628145;1407201.0;2024-09-14;sábado;23:30:00;BA;420.0;239;LAJE;Sim;Pedestre andava na pista;1;Atropelamento de Pedestre;Com Vítimas Fatais;Plena Noite;Crescente;Nublado;Simples;Reta;Não;;;NA/NA;;Pedestre;Óbito;22.0;Masculino;0.0;0.0;0.0;1.0;-13.16473957;-39.40229416;SPRF-BA;DEL01-BA;UOP02-DEL01-BA
629876;1411487.0;2024-09-22;domingo;15:30:00;BA;420.0;289,3;UBAIRA;Não;Velocidade Incompatível;2;Queda de ocupante de veículo;Com Vítimas Fatais;Pleno dia;Crescente;Céu Claro;Simples;Curva;Não;1129912.0;Motocicleta;HONDA/NXR150 BROS ESD;2009.0;Passageiro;Óbito;35.0;Feminino;0.0;0.0;0.0;1.0;-13.260376;-39.676895;SPRF-BA;DEL03-BA;UOP01-DEL03-BA
629876;1411485.0;2024-09-22;domingo;15:30:00;BA;420.0;289,3;UBAIRA;Não;Velocidade Incompatível;2;Queda de ocupante de veículo;Com Vítimas Fatais;Pleno dia;Crescente;Céu Claro;Simples;Curva;Não;1129912.0;Motocicleta;HONDA/NXR150 BROS ESD;2009.0;Condutor;Lesões Graves;24.0;Masculino;0.0;0.0;1.0;0.0;-13.260376;-39.676895;SPRF-BA;DEL03-BA;UOP01-DEL03-BA
629876;1411487.0;2024-09-22;domingo;15:30:00;BA;420.0;289,3;UBAIRA;Não;Velocidade Incompatível;1;Colisão com objeto;Com Vítimas Fatais;Pleno dia;Crescente;Céu Claro;Simples;Curva;Não;1129912.0;Motocicleta;HONDA/NXR150 BROS ESD;2009.0;Passageiro;Óbito;35.0;Feminino;0.0;0.0;0.0;1.0;-13.260376;-39.676895;SPRF-BA;DEL03-BA;UOP01-DEL03-BA
629876;1411485.0;2024-09-22;domingo;15:30:00;BA;420.0;289,3;UBAIRA;Não;Velocidade Incompatível;1;Colisão com objeto;Com Vítimas Fatais;Pleno dia;Crescente;Céu Claro;Simples;Curva;Não;1129912.0;Motocicleta;HONDA/NXR150 BROS ESD;2009.0;Condutor;Lesões Graves;24.0;Masculino;0.0;0.0;1.0;0.0;-13.260376;-39.676895;SPRF-BA;DEL03-BA;UOP01-DEL03-BA
629876;1411487.0;2024-09-22;domingo;15:30:00;BA;420.0;289,3;UBAIRA;Sim;Reação tardia ou ineficiente do condutor;2;Queda de ocupante de veículo;Com Vítimas Fatais;Pleno dia;Crescente;Céu Claro;Simples;Curva;Não;1129912.0;Motocicleta;HONDA/NXR150 BROS ESD;2009.0;Passageiro;Óbito;35.0;Feminino;0.0;0.0;0.0;1.0;-13.260376;-39.676895;SPRF-BA;DEL03-BA;UOP01-DEL03-BA
629876;1411485.0;2024-09-22;domingo;15:30:00;BA;420.0;289,3;UBAIRA;Sim;Reação tardia ou ineficiente do condutor;2;Queda de ocupante de veículo;Com Vítimas Fatais;Pleno dia;Crescente;Céu Claro;Simples;Curva;Não;1129912.0;Motocicleta;HONDA/NXR150 BROS ESD;2009.0;Condutor;Lesões Graves;24.0;Masculino;0.0;0.0;1.0;0.0;-13.260376;-39.676895;SPRF-BA;DEL03-BA;UOP01-DEL03-BA
629876;1411487.0;2024-09-22;domingo;15:30:00;BA;420.0;289,3;UBAIRA;Sim;Reação tardia ou ineficiente do condutor;1;Colisão com objeto;Com Vítimas Fatais;Pleno dia;Crescente;Céu Claro;Simples;Curva;Não;1129912.0;Motocicleta;HONDA/NXR150 BROS ESD;2009.0;Passageiro;Óbito;35.0;Feminino;0.0;0.0;0.0;1.0;-13.260376;-39.676895;SPRF-BA;DEL03-BA;UOP01-DEL03-BA
629876;1411485.0;2024-09-22;domingo;15:30:00;BA;420.0;289,3;UBAIRA;Sim;Reação tardia ou ineficiente do condutor;1;Colisão com objeto;Com Vítimas Fatais;Pleno dia;Crescente;Céu Claro;Simples;Curva;Não;1129912.0;Motocicleta;HONDA/NXR150 BROS ESD;2009.0;Condutor;Lesões Graves;24.0;Masculino;0.0;0.0;1.0;0.0;-13.260376;-39.676895;SPRF-BA;DEL03-BA;UOP01-DEL03-BA
631735;1415984.0;2024-09-30;segunda-feira;18:20:00;BA;420.0;337;ITAQUARA;Sim;Ingestão de álcool pelo condutor;2;Capotamento;Com Vítimas Feridas;Plena Noite;Decrescente;Céu Claro;Simples;Reta;Não;1133496.0;Automóvel;VW/FOX 1.0 GII;2011.0;Condutor;Lesões Leves;48.0;Masculino;0.0;1.0;0.0;0.0;-13.51488923;-39.96550197;SPRF-BA;DEL03-BA;UOP01-DEL03-BA
631735;1415984.0;2024-09-30;segunda-feira;18:20:00;BA;420.0;337;ITAQUARA;Sim;Ingestão de álcool pelo condutor;1;Saída de leito carroçável;Com Vítimas Feridas;Plena Noite;Decrescente;Céu Claro;Simples;Reta;Não;1133496.0;Automóvel;VW/FOX 1.0 GII;2011.0;Condutor;Lesões Leves;48.0;Masculino;0.0;1.0;0.0;0.0;-13.51488923;-39.96550197;SPRF-BA;DEL03-BA;UOP01-DEL03-BA
632868;1418571.0;2024-10-05;sábado;18:40:00;BA;420.0;254,5;MUTUIPE;Não;Iluminação deficiente;1;Atropelamento de Pedestre;Com Vítimas Fatais;Plena Noite;Decrescente;Céu Claro;Simples;"Declive;Reta";Não;1135624.0;Automóvel;VW/NIVUS HL TSI;2023.0;Condutor;Ileso;34.0;Masculino;1.0;0.0;0.0;0.0;-13.2268533;-39.49969001;SPRF-BA;DEL01-BA;UOP02-DEL01-BA
632868;1418570.0;2024-10-05;sábado;18:40:00;BA;420.0;254,5;MUTUIPE;Não;Iluminação deficiente;1;Atropelamento de Pedestre;Com Vítimas Fatais;Plena Noite;Decrescente;Céu Claro;Simples;"Declive;Reta";Não;;;NA/NA;;Pedestre;Óbito;45.0;Feminino;0.0;0.0;0.0;1.0;-13.2268533;-39.49969001;SPRF-BA;DEL01-BA;UOP02-DEL01-BA
632868;1418571.0;2024-10-05;sábado;18:40:00;BA;420.0;254,5;MUTUIPE;Não;Reação tardia ou ineficiente do condutor;1;Atropelamento de Pedestre;Com Vítimas Fatais;Plena Noite;Decrescente;Céu Claro;Simples;"Declive;Reta";Não;1135624.0;Automóvel;VW/NIVUS HL TSI;2023.0;Condutor;Ileso;34.0;Masculino;1.0;0.0;0.0;0.0;-13.2268533;-39.49969001;SPRF-BA;DEL01-BA;UOP02-DEL01-BA
632868;1418570.0;2024-10-05;sábado;18:40:00;BA;420.0;254,5;MUTUIPE;Não;Reação tardia ou ineficiente do condutor;1;Atropelamento de Pedestre;Com Vítimas Fatais;Plena Noite;Decrescente;Céu Claro;Simples;"Declive;Reta";Não;;;NA/NA;;Pedestre;Óbito;45.0;Feminino;0.0;0.0;0.0;1.0;-13.2268533;-39.49969001;SPRF-BA;DEL01-BA;UOP02-DEL01-BA
632868;1418571.0;2024-10-05;sábado;18:40:00;BA;420.0;254,5;MUTUIPE;Sim;Pedestre andava na pista;1;Atropelamento de Pedestre;Com Vítimas Fatais;Plena Noite;Decrescente;Céu Claro;Simples;"Declive;Reta";Não;1135624.0;Automóvel;VW/NIVUS HL TSI;2023.0;Condutor;Ileso;34.0;Masculino;1.0;0.0;0.0;0.0;-13.2268533;-39.49969001;SPRF-BA;DEL01-BA;UOP02-DEL01-BA
632868;1418570.0;2024-10-05;sábado;18:40:00;BA;420.0;254,5;MUTUIPE;Sim;Pedestre andava na pista;1;Atropelamento de Pedestre;Com Vítimas Fatais;Plena Noite;Decrescente;Céu Claro;Simples;"Declive;Reta";Não;;;NA/NA;;Pedestre;Óbito;45.0;Feminino;0.0;0.0;0.0;1.0;-13.2268533;-39.49969001;SPRF-BA;DEL01-BA;UOP02-DEL01-BA
636001;1426405.0;2024-10-19;sábado;17:10:00;BA;420.0;338;JAGUAQUARA;Não;Velocidade Incompatível;2;Tombamento;Com Vítimas Feridas;Plena Noite;Crescente;Nublado;Simples;Curva;Não;1141710.0;Motocicleta;HONDA/CG 125 FAN;2008.0;Condutor;Lesões Graves;40.0;Masculino;0.0;0.0;1.0;0.0;-13.521854;-39.96877;SPRF-BA;DEL03-BA;UOP01-DEL03-BA
636001;1426898.0;2024-10-19;sábado;17:10:00;BA;420.0;338;JAGUAQUARA;Não;Velocidade Incompatível;2;Tombamento;Com Vítimas Feridas;Plena Noite;Crescente;Nublado;Simples;Curva;Não;1141709.0;Automóvel;I/FIAT 500 CULT DUAL;2013.0;Passageiro;Ileso;58.0;Feminino;1.0;0.0;0.0;0.0;-13.521854;-39.96877;SPRF-BA;DEL03-BA;UOP01-DEL03-BA
636001;1426896.0;2024-10-19;sábado;17:10:00;BA;420.0;338;JAGUAQUARA;Não;Velocidade Incompatível;2;Tombamento;Com Vítimas Feridas;Plena Noite;Crescente;Nublado;Simples;Curva;Não;1141709.0;Automóvel;I/FIAT 500 CULT DUAL;2013.0;Condutor;Ileso;57.0;Feminino;1.0;0.0;0.0;0.0;-13.521854;-39.96877;SPRF-BA;DEL03-BA;UOP01-DEL03-BA
636001;1426405.0;2024-10-19;sábado;17:10:00;BA;420.0;338;JAGUAQUARA;Não;Velocidade Incompatível;1;Colisão frontal;Com Vítimas Feridas;Plena Noite;Crescente;Nublado;Simples;Curva;Não;1141710.0;Motocicleta;HONDA/CG 125 FAN;2008.0;Condutor;Lesões Graves;40.0;Masculino;0.0;0.0;1.0;0.0;-13.521854;-39.96877;SPRF-BA;DEL03-BA;UOP01-DEL03-BA
636001;1426898.0;2024-10-19;sábado;17:10:00;BA;420.0;338;JAGUAQUARA;Não;Velocidade Incompatível;1;Colisão frontal;Com Vítimas Feridas;Plena Noite;Crescente;Nublado;Simples;Curva;Não;1141709.0;Automóvel;I/FIAT 500 CULT DUAL;2013.0;Passageiro;Ileso;58.0;Feminino;1.0;0.0;0.0;0.0;-13.521854;-39.96877;SPRF-BA;DEL03-BA;UOP01-DEL03-BA
636001;1426896.0;2024-10-19;sábado;17:10:00;BA;420.0;338;JAGUAQUARA;Não;Velocidade Incompatível;1;Colisão frontal;Com Vítimas Feridas;Plena Noite;Crescente;Nublado;Simples;Curva;Não;1141709.0;Automóvel;I/FIAT 500 CULT DUAL;2013.0;Condutor;Ileso;57.0;Feminino;1.0;0.0;0.0;0.0;-13.521854;-39.96877;SPRF-BA;DEL03-BA;UOP01-DEL03-BA
636001;1426405.0;2024-10-19;sábado;17:10:00;BA;420.0;338;JAGUAQUARA;Não;Transitar na contramão;2;Tombamento;Com Vítimas Feridas;Plena Noite;Crescente;Nublado;Simples;Curva;Não;1141710.0;Motocicleta;HONDA/CG 125 FAN;2008.0;Condutor;Lesões Graves;40.0;Masculino;0.0;0.0;1.0;0.0;-13.521854;-39.96877;SPRF-BA;DEL03-BA;UOP01-DEL03-BA
636001;1426898.0;2024-10-19;sábado;17:10:00;BA;420.0;338;JAGUAQUARA;Não;Transitar na contramão;2;Tombamento;Com Vítimas Feridas;Plena Noite;Crescente;Nublado;Simples;Curva;Não;1141709.0;Automóvel;I/FIAT 500 CULT DUAL;2013.0;Passageiro;Ileso;58.0;Feminino;1.0;0.0;0.0;0.0;-13.521854;-39.96877;SPRF-BA;DEL03-BA;UOP01-DEL03-BA
636001;1426896.0;2024-10-19;sábado;17:10:00;BA;420.0;338;JAGUAQUARA;Não;Transitar na contramão;2;Tombamento;Com Vítimas Feridas;Plena Noite;Crescente;Nublado;Simples;Curva;Não;1141709.0;Automóvel;I/FIAT 500 CULT DUAL;2013.0;Condutor;Ileso;57.0;Feminino;1.0;0.0;0.0;0.0;-13.521854;-39.96877;SPRF-BA;DEL03-BA;UOP01-DEL03-BA
636001;1426405.0;2024-10-19;sábado;17:10:00;BA;420.0;338;JAGUAQUARA;Não;Transitar na contramão;1;Colisão frontal;Com Vítimas Feridas;Plena Noite;Crescente;Nublado;Simples;Curva;Não;1141710.0;Motocicleta;HONDA/CG 125 FAN;2008.0;Condutor;Lesões Graves;40.0;Masculino;0.0;0.0;1.0;0.0;-13.521854;-39.96877;SPRF-BA;DEL03-BA;UOP01-DEL03-BA
636001;1426898.0;2024-10-19;sábado;17:10:00;BA;420.0;338;JAGUAQUARA;Não;Transitar na contramão;1;Colisão frontal;Com Vítimas Feridas;Plena Noite;Crescente;Nublado;Simples;Curva;Não;1141709.0;Automóvel;I/FIAT 500 CULT DUAL;2013.0;Passageiro;Ileso;58.0;Feminino;1.0;0.0;0.0;0.0;-13.521854;-39.96877;SPRF-BA;DEL03-BA;UOP01-DEL03-BA
636001;1426896.0;2024-10-19;sábado;17:10:00;BA;420.0;338;JAGUAQUARA;Não;Transitar na contramão;1;Colisão frontal;Com Vítimas Feridas;Plena Noite;Crescente;Nublado;Simples;Curva;Não;1141709.0;Automóvel;I/FIAT 500 CULT DUAL;2013.0;Condutor;Ileso;57.0;Feminino;1.0;0.0;0.0;0.0;-13.521854;-39.96877;SPRF-BA;DEL03-BA;UOP01-DEL03-BA
636001;1426405.0;2024-10-19;sábado;17:10:00;BA;420.0;338;JAGUAQUARA;Não;Restrição de visibilidade em curvas horizontais;2;Tombamento;Com Vítimas Feridas;Plena Noite;Crescente;Nublado;Simples;Curva;Não;1141710.0;Motocicleta;HONDA/CG 125 FAN;2008.0;Condutor;Lesões Graves;40.0;Masculino;0.0;0.0;1.0;0.0;-13.521854;-39.96877;SPRF-BA;DEL03-BA;UOP01-DEL03-BA
636001;1426898.0;2024-10-19;sábado;17:10:00;BA;420.0;338;JAGUAQUARA;Não;Restrição de visibilidade em curvas horizontais;2;Tombamento;Com Vítimas Feridas;Plena Noite;Crescente;Nublado;Simples;Curva;Não;1141709.0;Automóvel;I/FIAT 500 CULT DUAL;2013.0;Passageiro;Ileso;58.0;Feminino;1.0;0.0;0.0;0.0;-13.521854;-39.96877;SPRF-BA;DEL03-BA;UOP01-DEL03-BA
636001;1426896.0;2024-10-19;sábado;17:10:00;BA;420.0;338;JAGUAQUARA;Não;Restrição de visibilidade em curvas horizontais;2;Tombamento;Com Vítimas Feridas;Plena Noite;Crescente;Nublado;Simples;Curva;Não;1141709.0;Automóvel;I/FIAT 500 CULT DUAL;2013.0;Condutor;Ileso;57.0;Feminino;1.0;0.0;0.0;0.0;-13.521854;-39.96877;SPRF-BA;DEL03-BA;UOP01-DEL03-BA
636001;1426405.0;2024-10-19;sábado;17:10:00;BA;420.0;338;JAGUAQUARA;Não;Restrição de visibilidade em curvas horizontais;1;Colisão frontal;Com Vítimas Feridas;Plena Noite;Crescente;Nublado;Simples;Curva;Não;1141710.0;Motocicleta;HONDA/CG 125 FAN;2008.0;Condutor;Lesões Graves;40.0;Masculino;0.0;0.0;1.0;0.0;-13.521854;-39.96877;SPRF-BA;DEL03-BA;UOP01-DEL03-BA
636001;1426898.0;2024-10-19;sábado;17:10:00;BA;420.0;338;JAGUAQUARA;Não;Restrição de visibilidade em curvas horizontais;1;Colisão frontal;Com Vítimas Feridas;Plena Noite;Crescente;Nublado;Simples;Curva;Não;1141709.0;Automóvel;I/FIAT 500 CULT DUAL;2013.0;Passageiro;Ileso;58.0;Feminino;1.0;0.0;0.0;0.0;-13.521854;-39.96877;SPRF-BA;DEL03-BA;UOP01-DEL03-BA
636001;1426896.0;2024-10-19;sábado;17:10:00;BA;420.0;338;JAGUAQUARA;Não;Restrição de visibilidade em curvas horizontais;1;Colisão frontal;Com Vítimas Feridas;Plena Noite;Crescente;Nublado;Simples;Curva;Não;1141709.0;Automóvel;I/FIAT 500 CULT DUAL;2013.0;Condutor;Ileso;57.0;Feminino;1.0;0.0;0.0;0.0;-13.521854;-39.96877;SPRF-BA;DEL03-BA;UOP01-DEL03-BA
636001;1426405.0;2024-10-19;sábado;17:10:00;BA;420.0;338;JAGUAQUARA;Não;Reação tardia ou ineficiente do condutor;2;Tombamento;Com Vítimas Feridas;Plena Noite;Crescente;Nublado;Simples;Curva;Não;1141710.0;Motocicleta;HONDA/CG 125 FAN;2008.0;Condutor;Lesões Graves;40.0;Masculino;0.0;0.0;1.0;0.0;-13.521854;-39.96877;SPRF-BA;DEL03-BA;UOP01-DEL03-BA
636001;1426898.0;2024-10-19;sábado;17:10:00;BA;420.0;338;JAGUAQUARA;Não;Reação tardia ou ineficiente do condutor;2;Tombamento;Com Vítimas Feridas;Plena Noite;Crescente;Nublado;Simples;Curva;Não;1141709.0;Automóvel;I/FIAT 500 CULT DUAL;2013.0;Passageiro;Ileso;58.0;Feminino;1.0;0.0;0.0;0.0;-13.521854;-39.96877;SPRF-BA;DEL03-BA;UOP01-DEL03-BA
636001;1426896.0;2024-10-19;sábado;17:10:00;BA;420.0;338;JAGUAQUARA;Não;Reação tardia ou ineficiente do condutor;2;Tombamento;Com Vítimas Feridas;Plena Noite;Crescente;Nublado;Simples;Curva;Não;1141709.0;Automóvel;I/FIAT 500 CULT DUAL;2013.0;Condutor;Ileso;57.0;Feminino;1.0;0.0;0.0;0.0;-13.521854;-39.96877;SPRF-BA;DEL03-BA;UOP01-DEL03-BA
636001;1426405.0;2024-10-19;sábado;17:10:00;BA;420.0;338;JAGUAQUARA;Não;Reação tardia ou ineficiente do condutor;1;Colisão frontal;Com Vítimas Feridas;Plena Noite;Crescente;Nublado;Simples;Curva;Não;1141710.0;Motocicleta;HONDA/CG 125 FAN;2008.0;Condutor;Lesões Graves;40.0;Masculino;0.0;0.0;1.0;0.0;-13.521854;-39.96877;SPRF-BA;DEL03-BA;UOP01-DEL03-BA
636001;1426898.0;2024-10-19;sábado;17:10:00;BA;420.0;338;JAGUAQUARA;Não;Reação tardia ou ineficiente do condutor;1;Colisão frontal;Com Vítimas Feridas;Plena Noite;Crescente;Nublado;Simples;Curva;Não;1141709.0;Automóvel;I/FIAT 500 CULT DUAL;2013.0;Passageiro;Ileso;58.0;Feminino;1.0;0.0;0.0;0.0;-13.521854;-39.96877;SPRF-BA;DEL03-BA;UOP01-DEL03-BA
636001;1426896.0;2024-10-19;sábado;17:10:00;BA;420.0;338;JAGUAQUARA;Não;Reação tardia ou ineficiente do condutor;1;Colisão frontal;Com Vítimas Feridas;Plena Noite;Crescente;Nublado;Simples;Curva;Não;1141709.0;Automóvel;I/FIAT 500 CULT DUAL;2013.0;Condutor;Ileso;57.0;Feminino;1.0;0.0;0.0;0.0;-13.521854;-39.96877;SPRF-BA;DEL03-BA;UOP01-DEL03-BA
636001;1426405.0;2024-10-19;sábado;17:10:00;BA;420.0;338;JAGUAQUARA;Não;Problema com o freio;2;Tombamento;Com Vítimas Feridas;Plena Noite;Crescente;Nublado;Simples;Curva;Não;1141710.0;Motocicleta;HONDA/CG 125 FAN;2008.0;Condutor;Lesões Graves;40.0;Masculino;0.0;0.0;1.0;0.0;-13.521854;-39.96877;SPRF-BA;DEL03-BA;UOP01-DEL03-BA
636001;1426898.0;2024-10-19;sábado;17:10:00;BA;420.0;338;JAGUAQUARA;Não;Problema com o freio;2;Tombamento;Com Vítimas Feridas;Plena Noite;Crescente;Nublado;Simples;Curva;Não;1141709.0;Automóvel;I/FIAT 500 CULT DUAL;2013.0;Passageiro;Ileso;58.0;Feminino;1.0;0.0;0.0;0.0;-13.521854;-39.96877;SPRF-BA;DEL03-BA;UOP01-DEL03-BA
636001;1426896.0;2024-10-19;sábado;17:10:00;BA;420.0;338;JAGUAQUARA;Não;Problema com o freio;2;Tombamento;Com Vítimas Feridas;Plena Noite;Crescente;Nublado;Simples;Curva;Não;1141709.0;Automóvel;I/FIAT 500 CULT DUAL;2013.0;Condutor;Ileso;57.0;Feminino;1.0;0.0;0.0;0.0;-13.521854;-39.96877;SPRF-BA;DEL03-BA;UOP01-DEL03-BA
636001;1426405.0;2024-10-19;sábado;17:10:00;BA;420.0;338;JAGUAQUARA;Não;Problema com o freio;1;Colisão frontal;Com Vítimas Feridas;Plena Noite;Crescente;Nublado;Simples;Curva;Não;1141710.0;Motocicleta;HONDA/CG 125 FAN;2008.0;Condutor;Lesões Graves;40.0;Masculino;0.0;0.0;1.0;0.0;-13.521854;-39.96877;SPRF-BA;DEL03-BA;UOP01-DEL03-BA
636001;1426898.0;2024-10-19;sábado;17:10:00;BA;420.0;338;JAGUAQUARA;Não;Problema com o freio;1;Colisão frontal;Com Vítimas Feridas;Plena Noite;Crescente;Nublado;Simples;Curva;Não;1141709.0;Automóvel;I/FIAT 500 CULT DUAL;2013.0;Passageiro;Ileso;58.0;Feminino;1.0;0.0;0.0;0.0;-13.521854;-39.96877;SPRF-BA;DEL03-BA;UOP01-DEL03-BA
636001;1426896.0;2024-10-19;sábado;17:10:00;BA;420.0;338;JAGUAQUARA;Não;Problema com o freio;1;Colisão frontal;Com Vítimas Feridas;Plena Noite;Crescente;Nublado;Simples;Curva;Não;1141709.0;Automóvel;I/FIAT 500 CULT DUAL;2013.0;Condutor;Ileso;57.0;Feminino;1.0;0.0;0.0;0.0;-13.521854;-39.96877;SPRF-BA;DEL03-BA;UOP01-DEL03-BA
636001;1426405.0;2024-10-19;sábado;17:10:00;BA;420.0;338;JAGUAQUARA;Não;Ingestão de álcool pelo condutor;2;Tombamento;Com Vítimas Feridas;Plena Noite;Crescente;Nublado;Simples;Curva;Não;1141710.0;Motocicleta;HONDA/CG 125 FAN;2008.0;Condutor;Lesões Graves;40.0;Masculino;0.0;0.0;1.0;0.0;-13.521854;-39.96877;SPRF-BA;DEL03-BA;UOP01-DEL03-BA
636001;1426898.0;2024-10-19;sábado;17:10:00;BA;420.0;338;JAGUAQUARA;Não;Ingestão de álcool pelo condutor;2;Tombamento;Com Vítimas Feridas;Plena Noite;Crescente;Nublado;Simples;Curva;Não;1141709.0;Automóvel;I/FIAT 500 CULT DUAL;2013.0;Passageiro;Ileso;58.0;Feminino;1.0;0.0;0.0;0.0;-13.521854;-39.96877;SPRF-BA;DEL03-BA;UOP01-DEL03-BA
636001;1426896.0;2024-10-19;sábado;17:10:00;BA;420.0;338;JAGUAQUARA;Não;Ingestão de álcool pelo condutor;2;Tombamento;Com Vítimas Feridas;Plena Noite;Crescente;Nublado;Simples;Curva;Não;1141709.0;Automóvel;I/FIAT 500 CULT DUAL;2013.0;Condutor;Ileso;57.0;Feminino;1.0;0.0;0.0;0.0;-13.521854;-39.96877;SPRF-BA;DEL03-BA;UOP01-DEL03-BA
636001;1426405.0;2024-10-19;sábado;17:10:00;BA;420.0;338;JAGUAQUARA;Não;Ingestão de álcool pelo condutor;1;Colisão frontal;Com Vítimas Feridas;Plena Noite;Crescente;Nublado;Simples;Curva;Não;1141710.0;Motocicleta;HONDA/CG 125 FAN;2008.0;Condutor;Lesões Graves;40.0;Masculino;0.0;0.0;1.0;0.0;-13.521854;-39.96877;SPRF-BA;DEL03-BA;UOP01-DEL03-BA
636001;1426898.0;2024-10-19;sábado;17:10:00;BA;420.0;338;JAGUAQUARA;Não;Ingestão de álcool pelo condutor;1;Colisão frontal;Com Vítimas Feridas;Plena Noite;Crescente;Nublado;Simples;Curva;Não;1141709.0;Automóvel;I/FIAT 500 CULT DUAL;2013.0;Passageiro;Ileso;58.0;Feminino;1.0;0.0;0.0;0.0;-13.521854;-39.96877;SPRF-BA;DEL03-BA;UOP01-DEL03-BA
636001;1426896.0;2024-10-19;sábado;17:10:00;BA;420.0;338;JAGUAQUARA;Não;Ingestão de álcool pelo condutor;1;Colisão frontal;Com Vítimas Feridas;Plena Noite;Crescente;Nublado;Simples;Curva;Não;1141709.0;Automóvel;I/FIAT 500 CULT DUAL;2013.0;Condutor;Ileso;57.0;Feminino;1.0;0.0;0.0;0.0;-13.521854;-39.96877;SPRF-BA;DEL03-BA;UOP01-DEL03-BA
636001;1426405.0;2024-10-19;sábado;17:10:00;BA;420.0;338;JAGUAQUARA;Não;Iluminação deficiente;2;Tombamento;Com Vítimas Feridas;Plena Noite;Crescente;Nublado;Simples;Curva;Não;1141710.0;Motocicleta;HONDA/CG 125 FAN;2008.0;Condutor;Lesões Graves;40.0;Masculino;0.0;0.0;1.0;0.0;-13.521854;-39.96877;SPRF-BA;DEL03-BA;UOP01-DEL03-BA
636001;1426898.0;2024-10-19;sábado;17:10:00;BA;420.0;338;JAGUAQUARA;Não;Iluminação deficiente;2;Tombamento;Com Vítimas Feridas;Plena Noite;Crescente;Nublado;Simples;Curva;Não;1141709.0;Automóvel;I/FIAT 500 CULT DUAL;2013.0;Passageiro;Ileso;58.0;Feminino;1.0;0.0;0.0;0.0;-13.521854;-39.96877;SPRF-BA;DEL03-BA;UOP01-DEL03-BA
636001;1426896.0;2024-10-19;sábado;17:10:00;BA;420.0;338;JAGUAQUARA;Não;Iluminação deficiente;2;Tombamento;Com Vítimas Feridas;Plena Noite;Crescente;Nublado;Simples;Curva;Não;1141709.0;Automóvel;I/FIAT 500 CULT DUAL;2013.0;Condutor;Ileso;57.0;Feminino;1.0;0.0;0.0;0.0;-13.521854;-39.96877;SPRF-BA;DEL03-BA;UOP01-DEL03-BA
636001;1426405.0;2024-10-19;sábado;17:10:00;BA;420.0;338;JAGUAQUARA;Não;Iluminação deficiente;1;Colisão frontal;Com Vítimas Feridas;Plena Noite;Crescente;Nublado;Simples;Curva;Não;1141710.0;Motocicleta;HONDA/CG 125 FAN;2008.0;Condutor;Lesões Graves;40.0;Masculino;0.0;0.0;1.0;0.0;-13.521854;-39.96877;SPRF-BA;DEL03-BA;UOP01-DEL03-BA
636001;1426898.0;2024-10-19;sábado;17:10:00;BA;420.0;338;JAGUAQUARA;Não;Iluminação deficiente;1;Colisão frontal;Com Vítimas Feridas;Plena Noite;Crescente;Nublado;Simples;Curva;Não;1141709.0;Automóvel;I/FIAT 500 CULT DUAL;2013.0;Passageiro;Ileso;58.0;Feminino;1.0;0.0;0.0;0.0;-13.521854;-39.96877;SPRF-BA;DEL03-BA;UOP01-DEL03-BA
636001;1426896.0;2024-10-19;sábado;17:10:00;BA;420.0;338;JAGUAQUARA;Não;Iluminação deficiente;1;Colisão frontal;Com Vítimas Feridas;Plena Noite;Crescente;Nublado;Simples;Curva;Não;1141709.0;Automóvel;I/FIAT 500 CULT DUAL;2013.0;Condutor;Ileso;57.0;Feminino;1.0;0.0;0.0;0.0;-13.521854;-39.96877;SPRF-BA;DEL03-BA;UOP01-DEL03-BA
636001;1426405.0;2024-10-19;sábado;17:10:00;BA;420.0;338;JAGUAQUARA;Não;Falta de acostamento;2;Tombamento;Com Vítimas Feridas;Plena Noite;Crescente;Nublado;Simples;Curva;Não;1141710.0;Motocicleta;HONDA/CG 125 FAN;2008.0;Condutor;Lesões Graves;40.0;Masculino;0.0;0.0;1.0;0.0;-13.521854;-39.96877;SPRF-BA;DEL03-BA;UOP01-DEL03-BA
636001;1426898.0;2024-10-19;sábado;17:10:00;BA;420.0;338;JAGUAQUARA;Não;Falta de acostamento;2;Tombamento;Com Vítimas Feridas;Plena Noite;Crescente;Nublado;Simples;Curva;Não;1141709.0;Automóvel;I/FIAT 500 CULT DUAL;2013.0;Passageiro;Ileso;58.0;Feminino;1.0;0.0;0.0;0.0;-13.521854;-39.96877;SPRF-BA;DEL03-BA;UOP01-DEL03-BA
636001;1426896.0;2024-10-19;sábado;17:10:00;BA;420.0;338;JAGUAQUARA;Não;Falta de acostamento;2;Tombamento;Com Vítimas Feridas;Plena Noite;Crescente;Nublado;Simples;Curva;Não;1141709.0;Automóvel;I/FIAT 500 CULT DUAL;2013.0;Condutor;Ileso;57.0;Feminino;1.0;0.0;0.0;0.0;-13.521854;-39.96877;SPRF-BA;DEL03-BA;UOP01-DEL03-BA
636001;1426405.0;2024-10-19;sábado;17:10:00;BA;420.0;338;JAGUAQUARA;Não;Falta de acostamento;1;Colisão frontal;Com Vítimas Feridas;Plena Noite;Crescente;Nublado;Simples;Curva;Não;1141710.0;Motocicleta;HONDA/CG 125 FAN;2008.0;Condutor;Lesões Graves;40.0;Masculino;0.0;0.0;1.0;0.0;-13.521854;-39.96877;SPRF-BA;DEL03-BA;UOP01-DEL03-BA
636001;1426898.0;2024-10-19;sábado;17:10:00;BA;420.0;338;JAGUAQUARA;Não;Falta de acostamento;1;Colisão frontal;Com Vítimas Feridas;Plena Noite;Crescente;Nublado;Simples;Curva;Não;1141709.0;Automóvel;I/FIAT 500 CULT DUAL;2013.0;Passageiro;Ileso;58.0;Feminino;1.0;0.0;0.0;0.0;-13.521854;-39.96877;SPRF-BA;DEL03-BA;UOP01-DEL03-BA
636001;1426896.0;2024-10-19;sábado;17:10:00;BA;420.0;338;JAGUAQUARA;Não;Falta de acostamento;1;Colisão frontal;Com Vítimas Feridas;Plena Noite;Crescente;Nublado;Simples;Curva;Não;1141709.0;Automóvel;I/FIAT 500 CULT DUAL;2013.0;Condutor;Ileso;57.0;Feminino;1.0;0.0;0.0;0.0;-13.521854;-39.96877;SPRF-BA;DEL03-BA;UOP01-DEL03-BA
636001;1426405.0;2024-10-19;sábado;17:10:00;BA;420.0;338;JAGUAQUARA;Não;Curva acentuada;2;Tombamento;Com Vítimas Feridas;Plena Noite;Crescente;Nublado;Simples;Curva;Não;1141710.0;Motocicleta;HONDA/CG 125 FAN;2008.0;Condutor;Lesões Graves;40.0;Masculino;0.0;0.0;1.0;0.0;-13.521854;-39.96877;SPRF-BA;DEL03-BA;UOP01-DEL03-BA
636001;1426898.0;2024-10-19;sábado;17:10:00;BA;420.0;338;JAGUAQUARA;Não;Curva acentuada;2;Tombamento;Com Vítimas Feridas;Plena Noite;Crescente;Nublado;Simples;Curva;Não;1141709.0;Automóvel;I/FIAT 500 CULT DUAL;2013.0;Passageiro;Ileso;58.0;Feminino;1.0;0.0;0.0;0.0;-13.521854;-39.96877;SPRF-BA;DEL03-BA;UOP01-DEL03-BA
636001;1426896.0;2024-10-19;sábado;17:10:00;BA;420.0;338;JAGUAQUARA;Não;Curva acentuada;2;Tombamento;Com Vítimas Feridas;Plena Noite;Crescente;Nublado;Simples;Curva;Não;1141709.0;Automóvel;I/FIAT 500 CULT DUAL;2013.0;Condutor;Ileso;57.0;Feminino;1.0;0.0;0.0;0.0;-13.521854;-39.96877;SPRF-BA;DEL03-BA;UOP01-DEL03-BA
636001;1426405.0;2024-10-19;sábado;17:10:00;BA;420.0;338;JAGUAQUARA;Não;Curva acentuada;1;Colisão frontal;Com Vítimas Feridas;Plena Noite;Crescente;Nublado;Simples;Curva;Não;1141710.0;Motocicleta;HONDA/CG 125 FAN;2008.0;Condutor;Lesões Graves;40.0;Masculino;0.0;0.0;1.0;0.0;-13.521854;-39.96877;SPRF-BA;DEL03-BA;UOP01-DEL03-BA
636001;1426898.0;2024-10-19;sábado;17:10:00;BA;420.0;338;JAGUAQUARA;Não;Curva acentuada;1;Colisão frontal;Com Vítimas Feridas;Plena Noite;Crescente;Nublado;Simples;Curva;Não;1141709.0;Automóvel;I/FIAT 500 CULT DUAL;2013.0;Passageiro;Ileso;58.0;Feminino;1.0;0.0;0.0;0.0;-13.521854;-39.96877;SPRF-BA;DEL03-BA;UOP01-DEL03-BA
636001;1426896.0;2024-10-19;sábado;17:10:00;BA;420.0;338;JAGUAQUARA;Não;Curva acentuada;1;Colisão frontal;Com Vítimas Feridas;Plena Noite;Crescente;Nublado;Simples;Curva;Não;1141709.0;Automóvel;I/FIAT 500 CULT DUAL;2013.0;Condutor;Ileso;57.0;Feminino;1.0;0.0;0.0;0.0;-13.521854;-39.96877;SPRF-BA;DEL03-BA;UOP01-DEL03-BA
636001;1426405.0;2024-10-19;sábado;17:10:00;BA;420.0;338;JAGUAQUARA;Não;Condutor Dormindo;2;Tombamento;Com Vítimas Feridas;Plena Noite;Crescente;Nublado;Simples;Curva;Não;1141710.0;Motocicleta;HONDA/CG 125 FAN;2008.0;Condutor;Lesões Graves;40.0;Masculino;0.0;0.0;1.0;0.0;-13.521854;-39.96877;SPRF-BA;DEL03-BA;UOP01-DEL03-BA
636001;1426898.0;2024-10-19;sábado;17:10:00;BA;420.0;338;JAGUAQUARA;Não;Condutor Dormindo;2;Tombamento;Com Vítimas Feridas;Plena Noite;Crescente;Nublado;Simples;Curva;Não;1141709.0;Automóvel;I/FIAT 500 CULT DUAL;2013.0;Passageiro;Ileso;58.0;Feminino;1.0;0.0;0.0;0.0;-13.521854;-39.96877;SPRF-BA;DEL03-BA;UOP01-DEL03-BA
636001;1426896.0;2024-10-19;sábado;17:10:00;BA;420.0;338;JAGUAQUARA;Não;Condutor Dormindo;2;Tombamento;Com Vítimas Feridas;Plena Noite;Crescente;Nublado;Simples;Curva;Não;1141709.0;Automóvel;I/FIAT 500 CULT DUAL;2013.0;Condutor;Ileso;57.0;Feminino;1.0;0.0;0.0;0.0;-13.521854;-39.96877;SPRF-BA;DEL03-BA;UOP01-DEL03-BA
636001;1426405.0;2024-10-19;sábado;17:10:00;BA;420.0;338;JAGUAQUARA;Não;Condutor Dormindo;1;Colisão frontal;Com Vítimas Feridas;Plena Noite;Crescente;Nublado;Simples;Curva;Não;1141710.0;Motocicleta;HONDA/CG 125 FAN;2008.0;Condutor;Lesões Graves;40.0;Masculino;0.0;0.0;1.0;0.0;-13.521854;-39.96877;SPRF-BA;DEL03-BA;UOP01-DEL03-BA
636001;1426898.0;2024-10-19;sábado;17:10:00;BA;420.0;338;JAGUAQUARA;Não;Condutor Dormindo;1;Colisão frontal;Com Vítimas Feridas;Plena Noite;Crescente;Nublado;Simples;Curva;Não;1141709.0;Automóvel;I/FIAT 500 CULT DUAL;2013.0;Passageiro;Ileso;58.0;Feminino;1.0;0.0;0.0;0.0;-13.521854;-39.96877;SPRF-BA;DEL03-BA;UOP01-DEL03-BA
636001;1426896.0;2024-10-19;sábado;17:10:00;BA;420.0;338;JAGUAQUARA;Não;Condutor Dormindo;1;Colisão frontal;Com Vítimas Feridas;Plena Noite;Crescente;Nublado;Simples;Curva;Não;1141709.0;Automóvel;I/FIAT 500 CULT DUAL;2013.0;Condutor;Ileso;57.0;Feminino;1.0;0.0;0.0;0.0;-13.521854;-39.96877;SPRF-BA;DEL03-BA;UOP01-DEL03-BA
636001;1426405.0;2024-10-19;sábado;17:10:00;BA;420.0;338;JAGUAQUARA;Sim;Ausência de reação do condutor;2;Tombamento;Com Vítimas Feridas;Plena Noite;Crescente;Nublado;Simples;Curva;Não;1141710.0;Motocicleta;HONDA/CG 125 FAN;2008.0;Condutor;Lesões Graves;40.0;Masculino;0.0;0.0;1.0;0.0;-13.521854;-39.96877;SPRF-BA;DEL03-BA;UOP01-DEL03-BA
636001;1426898.0;2024-10-19;sábado;17:10:00;BA;420.0;338;JAGUAQUARA;Sim;Ausência de reação do condutor;2;Tombamento;Com Vítimas Feridas;Plena Noite;Crescente;Nublado;Simples;Curva;Não;1141709.0;Automóvel;I/FIAT 500 CULT DUAL;2013.0;Passageiro;Ileso;58.0;Feminino;1.0;0.0;0.0;0.0;-13.521854;-39.96877;SPRF-BA;DEL03-BA;UOP01-DEL03-BA
636001;1426896.0;2024-10-19;sábado;17:10:00;BA;420.0;338;JAGUAQUARA;Sim;Ausência de reação do condutor;2;Tombamento;Com Vítimas Feridas;Plena Noite;Crescente;Nublado;Simples;Curva;Não;1141709.0;Automóvel;I/FIAT 500 CULT DUAL;2013.0;Condutor;Ileso;57.0;Feminino;1.0;0.0;0.0;0.0;-13.521854;-39.96877;SPRF-BA;DEL03-BA;UOP01-DEL03-BA
636001;1426405.0;2024-10-19;sábado;17:10:00;BA;420.0;338;JAGUAQUARA;Sim;Ausência de reação do condutor;1;Colisão frontal;Com Vítimas Feridas;Plena Noite;Crescente;Nublado;Simples;Curva;Não;1141710.0;Motocicleta;HONDA/CG 125 FAN;2008.0;Condutor;Lesões Graves;40.0;Masculino;0.0;0.0;1.0;0.0;-13.521854;-39.96877;SPRF-BA;DEL03-BA;UOP01-DEL03-BA
636001;1426898.0;2024-10-19;sábado;17:10:00;BA;420.0;338;JAGUAQUARA;Sim;Ausência de reação do condutor;1;Colisão frontal;Com Vítimas Feridas;Plena Noite;Crescente;Nublado;Simples;Curva;Não;1141709.0;Automóvel;I/FIAT 500 CULT DUAL;2013.0;Passageiro;Ileso;58.0;Feminino;1.0;0.0;0.0;0.0;-13.521854;-39.96877;SPRF-BA;DEL03-BA;UOP01-DEL03-BA
636001;1426896.0;2024-10-19;sábado;17:10:00;BA;420.0;338;JAGUAQUARA;Sim;Ausência de reação do condutor;1;Colisão frontal;Com Vítimas Feridas;Plena Noite;Crescente;Nublado;Simples;Curva;Não;1141709.0;Automóvel;I/FIAT 500 CULT DUAL;2013.0;Condutor;Ileso;57.0;Feminino;1.0;0.0;0.0;0.0;-13.521854;-39.96877;SPRF-BA;DEL03-BA;UOP01-DEL03-BA
641624;1440005.0;2024-11-13;quarta-feira;19:00:00;BA;420.0;337;JAGUAQUARA;Sim;Transitar na contramão;1;Eventos atípicos;Com Vítimas Feridas;Plena Noite;Decrescente;Céu Claro;Simples;Reta;Não;1152439.0;Automóvel;Não Informado/Não Informado;0.0;Condutor;Ileso;;Masculino;1.0;0.0;0.0;0.0;-13.51488923;-39.96550197;SPRF-BA;DEL03-BA;UOP01-DEL03-BA
641624;1440004.0;2024-11-13;quarta-feira;19:00:00;BA;420.0;337;JAGUAQUARA;Sim;Transitar na contramão;1;Eventos atípicos;Com Vítimas Feridas;Plena Noite;Decrescente;Céu Claro;Simples;Reta;Não;1152438.0;Motocicleta;Não Informado/Não Informado;0.0;Passageiro;Lesões Graves;22.0;Feminino;0.0;0.0;1.0;0.0;-13.51488923;-39.96550197;SPRF-BA;DEL03-BA;UOP01-DEL03-BA
641624;1440003.0;2024-11-13;quarta-feira;19:00:00;BA;420.0;337;JAGUAQUARA;Sim;Transitar na contramão;1;Eventos atípicos;Com Vítimas Feridas;Plena Noite;Decrescente;Céu Claro;Simples;Reta;Não;1152438.0;Motocicleta;Não Informado/Não Informado;0.0;Condutor;Lesões Graves;19.0;Masculino;0.0;0.0;1.0;0.0;-13.51488923;-39.96550197;SPRF-BA;DEL03-BA;UOP01-DEL03-BA
641624;1440005.0;2024-11-13;quarta-feira;19:00:00;BA;420.0;337;JAGUAQUARA;Sim;Transitar na contramão;3;Queda de ocupante de veículo;Com Vítimas Feridas;Plena Noite;Decrescente;Céu Claro;Simples;Reta;Não;1152439.0;Automóvel;Não Informado/Não Informado;0.0;Condutor;Ileso;;Masculino;1.0;0.0;0.0;0.0;-13.51488923;-39.96550197;SPRF-BA;DEL03-BA;UOP01-DEL03-BA
641624;1440004.0;2024-11-13;quarta-feira;19:00:00;BA;420.0;337;JAGUAQUARA;Sim;Transitar na contramão;3;Queda de ocupante de veículo;Com Vítimas Feridas;Plena Noite;Decrescente;Céu Claro;Simples;Reta;Não;1152438.0;Motocicleta;Não Informado/Não Informado;0.0;Passageiro;Lesões Graves;22.0;Feminino;0.0;0.0;1.0;0.0;-13.51488923;-39.96550197;SPRF-BA;DEL03-BA;UOP01-DEL03-BA
641624;1440003.0;2024-11-13;quarta-feira;19:00:00;BA;420.0;337;JAGUAQUARA;Sim;Transitar na contramão;3;Queda de ocupante de veículo;Com Vítimas Feridas;Plena Noite;Decrescente;Céu Claro;Simples;Reta;Não;1152438.0;Motocicleta;Não Informado/Não Informado;0.0;Condutor;Lesões Graves;19.0;Masculino;0.0;0.0;1.0;0.0;-13.51488923;-39.96550197;SPRF-BA;DEL03-BA;UOP01-DEL03-BA
641624;1440005.0;2024-11-13;quarta-feira;19:00:00;BA;420.0;337;JAGUAQUARA;Sim;Transitar na contramão;2;Tombamento;Com Vítimas Feridas;Plena Noite;Decrescente;Céu Claro;Simples;Reta;Não;1152439.0;Automóvel;Não Informado/Não Informado;0.0;Condutor;Ileso;;Masculino;1.0;0.0;0.0;0.0;-13.51488923;-39.96550197;SPRF-BA;DEL03-BA;UOP01-DEL03-BA
641624;1440004.0;2024-11-13;quarta-feira;19:00:00;BA;420.0;337;JAGUAQUARA;Sim;Transitar na contramão;2;Tombamento;Com Vítimas Feridas;Plena Noite;Decrescente;Céu Claro;Simples;Reta;Não;1152438.0;Motocicleta;Não Informado/Não Informado;0.0;Passageiro;Lesões Graves;22.0;Feminino;0.0;0.0;1.0;0.0;-13.51488923;-39.96550197;SPRF-BA;DEL03-BA;UOP01-DEL03-BA
641624;1440003.0;2024-11-13;quarta-feira;19:00:00;BA;420.0;337;JAGUAQUARA;Sim;Transitar na contramão;2;Tombamento;Com Vítimas Feridas;Plena Noite;Decrescente;Céu Claro;Simples;Reta;Não;1152438.0;Motocicleta;Não Informado/Não Informado;0.0;Condutor;Lesões Graves;19.0;Masculino;0.0;0.0;1.0;0.0;-13.51488923;-39.96550197;SPRF-BA;DEL03-BA;UOP01-DEL03-BA
648731;1457536.0;2024-12-15;domingo;10:30:00;BA;420.0;242;LAJE;Sim;Condutor deixou de manter distância do veículo da frente;3;Queda de ocupante de veículo;Com Vítimas Feridas;Pleno dia;Crescente;Céu Claro;Simples;"Aclive;Curva";Sim;1166060.0;Ônibus;MBENZ/MPOLO PARADISO R;2023.0;Condutor;Ileso;42.0;Masculino;1.0;0.0;0.0;0.0;-13.16907378;-39.4099313;SPRF-BA;DEL01-BA;UOP02-DEL01-BA
648731;1457539.0;2024-12-15;domingo;10:30:00;BA;420.0;242;LAJE;Sim;Condutor deixou de manter distância do veículo da frente;3;Queda de ocupante de veículo;Com Vítimas Feridas;Pleno dia;Crescente;Céu Claro;Simples;"Aclive;Curva";Sim;1166060.0;Ônibus;MBENZ/MPOLO PARADISO R;2023.0;Passageiro;Ileso;48.0;Masculino;1.0;0.0;0.0;0.0;-13.16907378;-39.4099313;SPRF-BA;DEL01-BA;UOP02-DEL01-BA
648731;1457535.0;2024-12-15;domingo;10:30:00;BA;420.0;242;LAJE;Sim;Condutor deixou de manter distância do veículo da frente;3;Queda de ocupante de veículo;Com Vítimas Feridas;Pleno dia;Crescente;Céu Claro;Simples;"Aclive;Curva";Sim;1166059.0;Automóvel;CHEV/ONIX 10TAT PR2;2022.0;Condutor;Ileso;41.0;Masculino;1.0;0.0;0.0;0.0;-13.16907378;-39.4099313;SPRF-BA;DEL01-BA;UOP02-DEL01-BA
648731;1457569.0;2024-12-15;domingo;10:30:00;BA;420.0;242;LAJE;Sim;Condutor deixou de manter distância do veículo da frente;3;Queda de ocupante de veículo;Com Vítimas Feridas;Pleno dia;Crescente;Céu Claro;Simples;"Aclive;Curva";Sim;1166058.0;Motocicleta;HONDA/CG 125 FAN KS;2009.0;Condutor;Lesões Graves;20.0;Masculino;0.0;0.0;1.0;0.0;-13.16907378;-39.4099313;SPRF-BA;DEL01-BA;UOP02-DEL01-BA
648731;1457536.0;2024-12-15;domingo;10:30:00;BA;420.0;242;LAJE;Sim;Condutor deixou de manter distância do veículo da frente;2;Colisão lateral sentido oposto;Com Vítimas Feridas;Pleno dia;Crescente;Céu Claro;Simples;"Aclive;Curva";Sim;1166060.0;Ônibus;MBENZ/MPOLO PARADISO R;2023.0;Condutor;Ileso;42.0;Masculino;1.0;0.0;0.0;0.0;-13.16907378;-39.4099313;SPRF-BA;DEL01-BA;UOP02-DEL01-BA
648731;1457539.0;2024-12-15;domingo;10:30:00;BA;420.0;242;LAJE;Sim;Condutor deixou de manter distância do veículo da frente;2;Colisão lateral sentido oposto;Com Vítimas Feridas;Pleno dia;Crescente;Céu Claro;Simples;"Aclive;Curva";Sim;1166060.0;Ônibus;MBENZ/MPOLO PARADISO R;2023.0;Passageiro;Ileso;48.0;Masculino;1.0;0.0;0.0;0.0;-13.16907378;-39.4099313;SPRF-BA;DEL01-BA;UOP02-DEL01-BA
648731;1457535.0;2024-12-15;domingo;10:30:00;BA;420.0;242;LAJE;Sim;Condutor deixou de manter distância do veículo da frente;2;Colisão lateral sentido oposto;Com Vítimas Feridas;Pleno dia;Crescente;Céu Claro;Simples;"Aclive;Curva";Sim;1166059.0;Automóvel;CHEV/ONIX 10TAT PR2;2022.0;Condutor;Ileso;41.0;Masculino;1.0;0.0;0.0;0.0;-13.16907378;-39.4099313;SPRF-BA;DEL01-BA;UOP02-DEL01-BA
648731;1457569.0;2024-12-15;domingo;10:30:00;BA;420.0;242;LAJE;Sim;Condutor deixou de manter distância do veículo da frente;2;Colisão lateral sentido oposto;Com Vítimas Feridas;Pleno dia;Crescente;Céu Claro;Simples;"Aclive;Curva";Sim;1166058.0;Motocicleta;HONDA/CG 125 FAN KS;2009.0;Condutor;Lesões Graves;20.0;Masculino;0.0;0.0;1.0;0.0;-13.16907378;-39.4099313;SPRF-BA;DEL01-BA;UOP02-DEL01-BA
648731;1457536.0;2024-12-15;domingo;10:30:00;BA;420.0;242;LAJE;Sim;Condutor deixou de manter distância do veículo da frente;1;Colisão lateral mesmo sentido;Com Vítimas Feridas;Pleno dia;Crescente;Céu Claro;Simples;"Aclive;Curva";Sim;1166060.0;Ônibus;MBENZ/MPOLO PARADISO R;2023.0;Condutor;Ileso;42.0;Masculino;1.0;0.0;0.0;0.0;-13.16907378;-39.4099313;SPRF-BA;DEL01-BA;UOP02-DEL01-BA
648731;1457539.0;2024-12-15;domingo;10:30:00;BA;420.0;242;LAJE;Sim;Condutor deixou de manter distância do veículo da frente;1;Colisão lateral mesmo sentido;Com Vítimas Feridas;Pleno dia;Crescente;Céu Claro;Simples;"Aclive;Curva";Sim;1166060.0;Ônibus;MBENZ/MPOLO PARADISO R;2023.0;Passageiro;Ileso;48.0;Masculino;1.0;0.0;0.0;0.0;-13.16907378;-39.4099313;SPRF-BA;DEL01-BA;UOP02-DEL01-BA
648731;1457535.0;2024-12-15;domingo;10:30:00;BA;420.0;242;LAJE;Sim;Condutor deixou de manter distância do veículo da frente;1;Colisão lateral mesmo sentido;Com Vítimas Feridas;Pleno dia;Crescente;Céu Claro;Simples;"Aclive;Curva";Sim;1166059.0;Automóvel;CHEV/ONIX 10TAT PR2;2022.0;Condutor;Ileso;41.0;Masculino;1.0;0.0;0.0;0.0;-13.16907378;-39.4099313;SPRF-BA;DEL01-BA;UOP02-DEL01-BA
648731;1457569.0;2024-12-15;domingo;10:30:00;BA;420.0;242;LAJE;Sim;Condutor deixou de manter distância do veículo da frente;1;Colisão lateral mesmo sentido;Com Vítimas Feridas;Pleno dia;Crescente;Céu Claro;Simples;"Aclive;Curva";Sim;1166058.0;Motocicleta;HONDA/CG 125 FAN KS;2009.0;Condutor;Lesões Graves;20.0;Masculino;0.0;0.0;1.0;0.0;-13.16907378;-39.4099313;SPRF-BA;DEL01-BA;UOP02-DEL01-BA
650346;1461738.0;2024-12-21;sábado;18:13:00;BA;420.0;248;MUTUIPE;Sim;Transitar na contramão;2;Tombamento;Com Vítimas Fatais;Plena Noite;Crescente;Céu Claro;Simples;Curva;Não;1169114.0;Motocicleta;HONDA/XRE 300;2012.0;Passageiro;Lesões Leves;18.0;Feminino;0.0;1.0;0.0;0.0;-13.19188715;-39.45803055;SPRF-BA;DEL01-BA;UOP02-DEL01-BA
650346;1461572.0;2024-12-21;sábado;18:13:00;BA;420.0;248;MUTUIPE;Sim;Transitar na contramão;2;Tombamento;Com Vítimas Fatais;Plena Noite;Crescente;Céu Claro;Simples;Curva;Não;1169114.0;Motocicleta;HONDA/XRE 300;2012.0;Condutor;Lesões Graves;41.0;Masculino;0.0;0.0;1.0;0.0;-13.19188715;-39.45803055;SPRF-BA;DEL01-BA;UOP02-DEL01-BA
650346;1461571.0;2024-12-21;sábado;18:13:00;BA;420.0;248;MUTUIPE;Sim;Transitar na contramão;2;Tombamento;Com Vítimas Fatais;Plena Noite;Crescente;Céu Claro;Simples;Curva;Não;1169113.0;Motocicleta;HONDA/POP 110I;2022.0;Condutor;Óbito;51.0;Masculino;0.0;0.0;0.0;1.0;-13.19188715;-39.45803055;SPRF-BA;DEL01-BA;UOP02-DEL01-BA
650346;1461738.0;2024-12-21;sábado;18:13:00;BA;420.0;248;MUTUIPE;Sim;Transitar na contramão;1;Colisão frontal;Com Vítimas Fatais;Plena Noite;Crescente;Céu Claro;Simples;Curva;Não;1169114.0;Motocicleta;HONDA/XRE 300;2012.0;Passageiro;Lesões Leves;18.0;Feminino;0.0;1.0;0.0;0.0;-13.19188715;-39.45803055;SPRF-BA;DEL01-BA;UOP02-DEL01-BA
650346;1461572.0;2024-12-21;sábado;18:13:00;BA;420.0;248;MUTUIPE;Sim;Transitar na contramão;1;Colisão frontal;Com Vítimas Fatais;Plena Noite;Crescente;Céu Claro;Simples;Curva;Não;1169114.0;Motocicleta;HONDA/XRE 300;2012.0;Condutor;Lesões Graves;41.0;Masculino;0.0;0.0;1.0;0.0;-13.19188715;-39.45803055;SPRF-BA;DEL01-BA;UOP02-DEL01-BA
650346;1461571.0;2024-12-21;sábado;18:13:00;BA;420.0;248;MUTUIPE;Sim;Transitar na contramão;1;Colisão frontal;Com Vítimas Fatais;Plena Noite;Crescente;Céu Claro;Simples;Curva;Não;1169113.0;Motocicleta;HONDA/POP 110I;2022.0;Condutor;Óbito;51.0;Masculino;0.0;0.0;0.0;1.0;-13.19188715;-39.45803055;SPRF-BA;DEL01-BA;UOP02-DEL01-BA
